source,detector,type,ShortSeperation,cond,beta,se,tstat,dfe,p,q,power
1,1,hbo,0,aloc_sentences+bloc_words+cloc_jabsent+dloc_jabwords,-4.8069109490602,3.38956428325171,-1.41815010643456,224,0.157536624712957,0.434699062850589,0.333078424273544
1,1,hbo,0,aloc_sentences-dloc_jabwords,-2.08393048810495,1.48059131456672,-1.40749879295003,224,0.160665672719549,0.43637590121359,0.333918811048659
1,1,hbo,0,aloc_sentences-bloc_words+cloc_jabsent-dloc_jabwords,-0.136022641394345,2.22025330303919,-0.0612644697828625,224,0.951203213755717,0.981662117550197,0.810545559247421
1,1,hbo,0,aloc_sentences+bloc_words-cloc_jabsent-dloc_jabwords,-4.03183833481556,2.09428222398202,-1.92516475986198,224,0.0554751217130098,0.237897264179545,0.302349100134839
1,1,hbo,0,aloc_sentences-bloc_words-cloc_jabsent+dloc_jabwords,-3.57469929161939,2.25601755475202,-1.58451749814169,224,0.114486747053222,0.370408967460447,0.32117294290546
1,1,hbr,0,aloc_sentences+bloc_words+cloc_jabsent+dloc_jabwords,4.35498967739954,1.70093964300525,2.56034345210808,224,0.0111146301214323,0.0922724010081174,0.526024423336671
1,1,hbr,0,aloc_sentences-dloc_jabwords,0.76937450698881,0.820511695927949,0.937676465560547,224,0.349420603622787,0.643284793280445,0.384915707402906
1,1,hbr,0,aloc_sentences-bloc_words+cloc_jabsent-dloc_jabwords,1.02581155705383,1.2092918291465,0.848274611908881,224,0.397190592220299,0.696912837019587,0.399129396711733
1,1,hbr,0,aloc_sentences+bloc_words-cloc_jabsent-dloc_jabwords,0.512937456923794,1.1841178252624,0.433181095648254,224,0.665300039785127,0.850965167167022,0.506964715395964
1,1,hbr,0,aloc_sentences-bloc_words-cloc_jabsent+dloc_jabwords,0.813299292514553,1.22376617297078,0.664587165814701,224,0.506998158215988,0.763969827448749,0.436083046671695
1,2,hbo,0,aloc_sentences+bloc_words+cloc_jabsent+dloc_jabwords,-0.9498193353516,4.874751498047,-0.194844667616827,224,0.845691160019054,0.923335261559265,0.64490164682129
1,2,hbo,0,aloc_sentences-dloc_jabwords,3.09388917282066,2.50291785800808,1.23611294830223,224,0.21771121522515,0.501116013232997,0.34901221767553
1,2,hbo,0,aloc_sentences-bloc_words+cloc_jabsent-dloc_jabwords,4.04845254760993,3.54963650229727,1.14052595103466,224,0.255285206547425,0.555937558490385,0.358948804896897
1,2,hbo,0,aloc_sentences+bloc_words-cloc_jabsent-dloc_jabwords,2.1393257980314,3.51541499248132,0.608555690468105,224,0.54343558776245,0.778865337509701,0.450132361573672
1,2,hbo,0,aloc_sentences-bloc_words-cloc_jabsent+dloc_jabwords,-9.82515342871593,3.48746399228184,-2.81727738278019,224,0.00527597104679578,0.0539866804788405,0.626230972830895
1,2,hbr,0,aloc_sentences+bloc_words+cloc_jabsent+dloc_jabwords,2.95862871196745,1.62713562142658,1.81830492369991,224,0.0703531556245162,0.281412622498065,0.307597156420683
1,2,hbr,0,aloc_sentences-dloc_jabwords,1.36902921564143,0.825867668027046,1.65768593279837,224,0.0987806518450125,0.350511990417786,0.316574439100364
1,2,hbr,0,aloc_sentences-bloc_words+cloc_jabsent-dloc_jabwords,4.66278840881267,1.18751362089817,3.92651362203828,224,0.000114752132892693,0.00360649560519891,0.923156793054979
1,2,hbr,0,aloc_sentences+bloc_words-cloc_jabsent-dloc_jabwords,-1.92472997752982,1.12403401824247,-1.71234139384794,224,0.0882176501785857,0.328947170157438,0.313357861814767
1,2,hbr,0,aloc_sentences-bloc_words-cloc_jabsent+dloc_jabwords,-0.565031007174774,1.14608928019625,-0.493007845844281,224,0.622489989548565,0.829575222860161,0.484931551050189
1,9,hbo,0,aloc_sentences+bloc_words+cloc_jabsent+dloc_jabwords,3.72617856361641,5.27403690422661,0.706513555229439,224,0.480603066629876,0.744596300412484,0.426532583713033
1,9,hbo,0,aloc_sentences-dloc_jabwords,-6.09403675156665,2.65086144855792,-2.29888919878548,224,0.0224329710248037,0.151867363755091,0.422355448119925
1,9,hbo,0,aloc_sentences-bloc_words+cloc_jabsent-dloc_jabwords,-6.15414627140619,3.73721160360251,-1.64672138593219,224,0.101017511661889,0.354426713326619,0.317241527044245
1,9,hbo,0,aloc_sentences+bloc_words-cloc_jabsent-dloc_jabwords,-6.03392723172711,3.7332512574452,-1.61626604148159,224,0.107444274614611,0.369063728695471,0.319134512131911
1,9,hbo,0,aloc_sentences-bloc_words-cloc_jabsent+dloc_jabwords,-5.97601773363277,3.77382511927225,-1.58354389638097,224,0.114708357987203,0.370408967460447,0.321236536863633
1,9,hbr,0,aloc_sentences+bloc_words+cloc_jabsent+dloc_jabwords,0.827862861339721,1.87500096576328,0.441526631962407,224,0.659257696575408,0.850965167167022,0.503690777618934
1,9,hbr,0,aloc_sentences-dloc_jabwords,0.769668391146319,1.03444766316754,0.744038020047864,224,0.457633245374178,0.721715512418059,0.418597255867146
1,9,hbr,0,aloc_sentences-bloc_words+cloc_jabsent-dloc_jabwords,0.688687407391559,1.488821296067,0.462572243701011,224,0.644120027722961,0.840987573288139,0.495734485377991
1,9,hbr,0,aloc_sentences+bloc_words-cloc_jabsent-dloc_jabwords,0.85064937490108,1.43150887790888,0.59423269253048,224,0.552956163523963,0.781772637479792,0.453987826816905
1,9,hbr,0,aloc_sentences-bloc_words-cloc_jabsent+dloc_jabwords,-2.16416005603347,1.487902861473,-1.45450359164643,224,0.147206532378604,0.429403992351784,0.330285985993797
2,1,hbo,0,aloc_sentences+bloc_words+cloc_jabsent+dloc_jabwords,-3.97502510283858,3.54209029705462,-1.12222579592168,224,0.262967922329542,0.55627829723557,0.360998617385392
2,1,hbo,0,aloc_sentences-dloc_jabwords,0.948030240761038,1.75312360031293,0.540766344478971,224,0.589205965991206,0.799945560828628,0.46946284145632
2,1,hbo,0,aloc_sentences-bloc_words+cloc_jabsent-dloc_jabwords,-1.32031304925643,2.5012311446652,-0.527865268298966,224,0.59811535538454,0.80234986697926,0.473476525821568
2,1,hbo,0,aloc_sentences+bloc_words-cloc_jabsent-dloc_jabwords,3.2163735307785,2.47369760862763,1.30022906581653,224,0.194858704396427,0.478027344556213,0.342995167995431
2,1,hbo,0,aloc_sentences-bloc_words-cloc_jabsent+dloc_jabwords,-0.111498601509379,2.46533488148137,-0.0452265541476385,224,0.963967021297667,0.986384859002264,0.843036219160273
2,1,hbr,0,aloc_sentences+bloc_words+cloc_jabsent+dloc_jabwords,0.517442857681885,2.12477596636484,0.243528195853584,224,0.807819124747844,0.912951591589473,0.607022964378393
2,1,hbr,0,aloc_sentences-dloc_jabwords,0.500255501708087,1.2931329041831,0.386855442383248,224,0.699230491927991,0.869444729630095,0.526500065159349
2,1,hbr,0,aloc_sentences-bloc_words+cloc_jabsent-dloc_jabwords,1.87378515945709,1.83462525492164,1.0213449065036,224,0.308192839510977,0.606019891782025,0.373278705099718
2,1,hbr,0,aloc_sentences+bloc_words-cloc_jabsent-dloc_jabwords,-0.873274156040911,1.83445686013249,-0.476039625144329,224,0.634510107224053,0.831247887606844,0.490856221887852
2,1,hbr,0,aloc_sentences-bloc_words-cloc_jabsent+dloc_jabwords,0.0314321528950673,1.85716439299941,0.0169248091410491,224,0.986511665943415,0.995562231686015,0.918591398438365
2,2,hbo,0,aloc_sentences+bloc_words+cloc_jabsent+dloc_jabwords,0.637261710451415,3.04000708022882,0.209625074426948,224,0.834150835664392,0.917565919230831,0.63261323482885
2,2,hbo,0,aloc_sentences-dloc_jabwords,1.2764670208324,1.27023247141486,1.00490819559241,224,0.316025356704534,0.615939092701654,0.375452092764824
2,2,hbo,0,aloc_sentences-bloc_words+cloc_jabsent-dloc_jabwords,1.04903512096544,1.77955451920581,0.589493106080061,224,0.556124626207215,0.781772637479792,0.455289210309493
2,2,hbo,0,aloc_sentences+bloc_words-cloc_jabsent-dloc_jabwords,1.50389892069935,1.79503456761945,0.837810562441592,224,0.40303014991855,0.698162464425835,0.400931346401755
2,2,hbo,0,aloc_sentences-bloc_words-cloc_jabsent+dloc_jabwords,2.7968584368359,1.78043864115686,1.57088167611247,224,0.117621577467776,0.375025319462475,0.322069618858247
2,2,hbr,0,aloc_sentences+bloc_words+cloc_jabsent+dloc_jabwords,2.36662759870858,1.63168157942132,1.45042245285867,224,0.148339560994253,0.429403992351784,0.330593763255837
2,2,hbr,0,aloc_sentences-dloc_jabwords,-2.0075210231021,0.871651232405336,-2.30312417222461,224,0.0221892476646356,0.151867363755091,0.4240114626431
2,2,hbr,0,aloc_sentences-bloc_words+cloc_jabsent-dloc_jabwords,-1.40188960740613,1.24114016252524,-1.12951755952674,224,0.259887674076982,0.555937558490385,0.360175784008528
2,2,hbr,0,aloc_sentences+bloc_words-cloc_jabsent-dloc_jabwords,-2.61315243879808,1.25329077848118,-2.08503284606057,224,0.0381992338077238,0.202820367804154,0.341116464627597
2,2,hbr,0,aloc_sentences-bloc_words-cloc_jabsent+dloc_jabwords,2.51665731433289,1.24229071402136,2.02581995174571,224,0.0439690206185981,0.217374933395316,0.319704372097882
2,3,hbo,0,aloc_sentences+bloc_words+cloc_jabsent+dloc_jabwords,-0.741753625139889,3.3467663807615,-0.221632925860548,224,0.82480156573917,0.917565919230831,0.623161099174826
2,3,hbo,0,aloc_sentences-dloc_jabwords,2.16771706283016,1.54531761691055,1.40276473852924,224,0.162071485112293,0.437493579444227,0.334295653435466
2,3,hbo,0,aloc_sentences-bloc_words+cloc_jabsent-dloc_jabwords,-0.0902082229350659,2.15284043640508,-0.0419019549287638,224,0.966614183223565,0.986798702130785,0.850475888319027
2,3,hbo,0,aloc_sentences+bloc_words-cloc_jabsent-dloc_jabwords,4.42564234859538,2.21644998922636,1.99672556119352,224,0.0470653938920197,0.225095362092268,0.309395575275598
2,3,hbo,0,aloc_sentences-bloc_words-cloc_jabsent+dloc_jabwords,1.82555922293999,2.24070639820398,0.814724867302228,224,0.416095154162043,0.711786990404194,0.405019897218864
2,3,hbr,0,aloc_sentences+bloc_words+cloc_jabsent+dloc_jabwords,-0.687206944940995,2.06090378971034,-0.333449309168179,224,0.739107064711808,0.885398238703402,0.552376881535425
2,3,hbr,0,aloc_sentences-dloc_jabwords,-0.958434206505203,1.13572282648957,-0.843897986507541,224,0.399626731887412,0.697760960438338,0.399879271111971
2,3,hbr,0,aloc_sentences-bloc_words+cloc_jabsent-dloc_jabwords,-1.27983926186816,1.58936532484236,-0.80525178312613,224,0.421528322485839,0.711786990404194,0.406744297859994
2,3,hbr,0,aloc_sentences+bloc_words-cloc_jabsent-dloc_jabwords,-0.63702915114225,1.58654748487831,-0.401519120741043,224,0.688420758330695,0.861307461752715,0.520052597148043
2,3,hbr,0,aloc_sentences-bloc_words-cloc_jabsent+dloc_jabwords,-1.03982210423715,1.64728409814649,-0.631234226935811,224,0.528530969486682,0.775178755247134,0.444255187687485
2,4,hbo,0,aloc_sentences+bloc_words+cloc_jabsent+dloc_jabwords,3.96934052520329,3.84224492683201,1.03307847385879,224,0.302681246328777,0.602623295858199,0.371758643823264
2,4,hbo,0,aloc_sentences-dloc_jabwords,0.455966779639198,1.76515091155937,0.258316032160892,224,0.796400201253082,0.907813700910249,0.596844950443733
2,4,hbo,0,aloc_sentences-bloc_words+cloc_jabsent-dloc_jabwords,4.26858666154063,2.56850807733272,1.66189341556339,224,0.097932929992311,0.350329180460299,0.316320436294167
2,4,hbo,0,aloc_sentences+bloc_words-cloc_jabsent-dloc_jabwords,-3.35665310226223,2.54608246038263,-1.31835993314914,224,0.188729631403389,0.477247343778684,0.341378194965476
2,4,hbo,0,aloc_sentences-bloc_words-cloc_jabsent+dloc_jabwords,-5.40426634609713,2.59123334433613,-2.0855961729227,224,0.0381476139599053,0.202820367804154,0.341322806079709
2,4,hbr,0,aloc_sentences+bloc_words+cloc_jabsent+dloc_jabwords,-1.59074866125502,2.17556386436289,-0.731189135521363,224,0.465427808430961,0.731386556105795,0.421253266269704
2,4,hbr,0,aloc_sentences-dloc_jabwords,-2.23981465794132,1.18928606982302,-1.88332707728985,224,0.060951761739019,0.255416906334937,0.304341759227498
2,4,hbr,0,aloc_sentences-bloc_words+cloc_jabsent-dloc_jabwords,-2.37283601525645,1.67125512411541,-1.41979281380656,224,0.15705821039707,0.434699062850589,0.332949728563343
2,4,hbr,0,aloc_sentences+bloc_words-cloc_jabsent-dloc_jabwords,-2.10679330062619,1.70846732170874,-1.23314814035721,224,0.218813008719237,0.501116013232997,0.349302320999719
2,4,hbr,0,aloc_sentences-bloc_words-cloc_jabsent+dloc_jabwords,-0.567070679688564,1.71985859435948,-0.32971936271293,224,0.741920144751052,0.885398238703402,0.554340933415585
3,4,hbo,0,aloc_sentences+bloc_words+cloc_jabsent+dloc_jabwords,-4.2498664793251,2.9074333634735,-1.46172446554297,224,0.145218167463943,0.429403992351784,0.329744881213413
3,4,hbo,0,aloc_sentences-dloc_jabwords,-2.8914872176613,1.56706372752805,-1.8451624952244,224,0.0663339168872747,0.272774985330849,0.306228279021476
3,4,hbo,0,aloc_sentences-bloc_words+cloc_jabsent-dloc_jabwords,-1.46753653480934,2.19234209272954,-0.669392126199708,224,0.503934738620209,0.761963178669732,0.434949218119795
3,4,hbo,0,aloc_sentences+bloc_words-cloc_jabsent-dloc_jabwords,-4.31543790051327,2.22757636656894,-1.93727944203331,224,0.0539685817021958,0.237897264179545,0.301786238237425
3,4,hbo,0,aloc_sentences-bloc_words-cloc_jabsent+dloc_jabwords,2.3693874409748,2.1985561513173,1.07770158135609,224,0.282326165628698,0.585780308501429,0.366205103969213
3,4,hbr,0,aloc_sentences+bloc_words+cloc_jabsent+dloc_jabwords,3.03283694118276,1.41107286799961,2.14931277467068,224,0.0326816624151406,0.189209624508709,0.364956437061463
3,4,hbr,0,aloc_sentences-dloc_jabwords,1.11468284800802,0.785396283683007,1.41926167867878,224,0.157212774240262,0.434699062850589,0.332991313099338
3,4,hbr,0,aloc_sentences-bloc_words+cloc_jabsent-dloc_jabwords,1.4167964695404,1.10991137164885,1.27649513801778,224,0.203102359595175,0.488213107077614,0.345166804024083
3,4,hbr,0,aloc_sentences+bloc_words-cloc_jabsent-dloc_jabwords,0.812569226475641,1.07572641511534,0.755367921674133,224,0.450821779466767,0.721314847146827,0.416305766347981
3,4,hbr,0,aloc_sentences-bloc_words-cloc_jabsent+dloc_jabwords,-3.5917469278333,1.13601195104862,-3.16171579402652,224,0.0017853562173058,0.0274747289218489,0.747180283253446
3,5,hbo,0,aloc_sentences+bloc_words+cloc_jabsent+dloc_jabwords,5.04760181587019,4.06203421320763,1.24262907472763,224,0.215303790181659,0.501116013232997,0.348378438247036
3,5,hbo,0,aloc_sentences-dloc_jabwords,-6.54953802364289,2.2187915971435,-2.95184912006827,224,0.00349490849424139,0.0420611851525528,0.675890603947992
3,5,hbo,0,aloc_sentences-bloc_words+cloc_jabsent-dloc_jabwords,-9.3236153744587,3.04441484535395,-3.06253117530529,224,0.00246332055516774,0.033659778543799,0.714540081607801
3,5,hbo,0,aloc_sentences+bloc_words-cloc_jabsent-dloc_jabwords,-3.77546067282709,3.20933736259946,-1.17639881578828,224,0.240684200054642,0.534853777899203,0.355073399585463
3,5,hbo,0,aloc_sentences-bloc_words-cloc_jabsent+dloc_jabwords,10.965223604268,3.04735683656179,3.59827358342438,224,0.000394246650004426,0.00963714033344153,0.864450794748558
3,5,hbr,0,aloc_sentences+bloc_words+cloc_jabsent+dloc_jabwords,-0.601007434997195,1.92103063214748,-0.312856768101267,224,0.754680565822029,0.885398238703402,0.563507663015619
3,5,hbr,0,aloc_sentences-dloc_jabwords,0.862411034405383,1.23300406838853,0.69943892036991,224,0.485003442094823,0.745471436866725,0.428091341705045
3,5,hbr,0,aloc_sentences-bloc_words+cloc_jabsent-dloc_jabwords,-1.91103736789223,1.75341588901453,-1.08989394921377,224,0.27693093935506,0.577486319034249,0.364747411220947
3,5,hbr,0,aloc_sentences+bloc_words-cloc_jabsent-dloc_jabwords,3.635859436703,1.74214419628135,2.08700258248647,224,0.0380189997033554,0.202820367804154,0.341838169369964
3,5,hbr,0,aloc_sentences-bloc_words-cloc_jabsent+dloc_jabwords,1.95499127152893,1.72948306256867,1.13039052757494,224,0.259520599836193,0.555937558490385,0.360077817914932
3,6,hbo,0,aloc_sentences+bloc_words+cloc_jabsent+dloc_jabwords,10.2463411494664,4.2988696400796,2.38349659499715,224,0.0179837882439493,0.134116386904029,0.45566303822552
3,6,hbo,0,aloc_sentences-dloc_jabwords,-2.43112257821771,2.47918238176548,-0.980614655903795,224,0.327840725127247,0.630018850130078,0.378762110066368
3,6,hbo,0,aloc_sentences-bloc_words+cloc_jabsent-dloc_jabwords,2.78836995617579,3.48529616709176,0.800038166771488,224,0.424536314651814,0.711786990404194,0.407705305027765
3,6,hbo,0,aloc_sentences+bloc_words-cloc_jabsent-dloc_jabwords,-7.65061511261121,3.46602034447015,-2.20731973625526,224,0.0283065389309576,0.168309150400288,0.386933875311369
3,6,hbo,0,aloc_sentences-bloc_words-cloc_jabsent+dloc_jabwords,4.44635230233282,3.42328678274919,1.29885475115293,224,0.19532921109485,0.478027344556213,0.343119197254929
3,6,hbr,0,aloc_sentences+bloc_words+cloc_jabsent+dloc_jabwords,-1.98875103564349,2.36859791568862,-0.839632181752257,224,0.402009872072041,0.698162464425835,0.400615404732322
3,6,hbr,0,aloc_sentences-dloc_jabwords,-0.359322783526965,1.52376161789596,-0.235812990238673,224,0.813793251003721,0.912951591589473,0.612557031247564
3,6,hbr,0,aloc_sentences-bloc_words+cloc_jabsent-dloc_jabwords,-4.45434642092104,2.16339765239792,-2.05895870136673,224,0.0406548163368791,0.210448461037962,0.331618974678777
3,6,hbr,0,aloc_sentences+bloc_words-cloc_jabsent-dloc_jabwords,3.73570085386711,2.15962271184023,1.72979327981039,224,0.0850446836664508,0.324173954427631,0.312367416982322
3,6,hbr,0,aloc_sentences-bloc_words-cloc_jabsent+dloc_jabwords,7.21589209019331,2.16718709839366,3.32961196361024,224,0.00101682793516544,0.0194523604988172,0.797586174606669
4,3,hbo,0,aloc_sentences+bloc_words+cloc_jabsent+dloc_jabwords,-7.20421486326237,2.54224716100398,-2.83379797754098,224,0.00501984248544918,0.052588826038039,0.63246279883902
4,3,hbo,0,aloc_sentences-dloc_jabwords,2.01370804026229,0.999887166691951,2.01393527924204,224,0.0452122810149987,0.221037818295549,0.315475802467441
4,3,hbo,0,aloc_sentences-bloc_words+cloc_jabsent-dloc_jabwords,-0.0795184079124334,1.40216847421571,-0.0567110225159721,224,0.954825946967137,0.981662117550197,0.819261499007774
4,3,hbo,0,aloc_sentences+bloc_words-cloc_jabsent-dloc_jabwords,4.10693448843701,1.54504488985972,2.65813279302835,224,0.0084239553288683,0.0772195905146261,0.564722910517549
4,3,hbo,0,aloc_sentences-bloc_words-cloc_jabsent+dloc_jabwords,-0.441312578657447,1.44921419354493,-0.304518531921047,224,0.761015599332253,0.885838263772993,0.568223192303462
4,3,hbr,0,aloc_sentences+bloc_words+cloc_jabsent+dloc_jabwords,-0.935751406025144,1.13636277973799,-0.823461858052849,224,0.411121243214183,0.706614636774378,0.403453860954604
4,3,hbr,0,aloc_sentences-dloc_jabwords,1.44249244374581,0.600365660167953,2.40268979298761,224,0.0170900653701216,0.129648771773336,0.463271502310582
4,3,hbr,0,aloc_sentences-bloc_words+cloc_jabsent-dloc_jabwords,1.6679763208464,0.860536762149978,1.93829757682764,224,0.053843551037978,0.237897264179545,0.301739216901692
4,3,hbr,0,aloc_sentences+bloc_words-cloc_jabsent-dloc_jabwords,1.21700856664521,0.859278174613565,1.41631499856554,224,0.158072386491123,0.434699062850589,0.333222480651216
4,3,hbr,0,aloc_sentences-bloc_words-cloc_jabsent+dloc_jabwords,-3.69263764839667,0.890119171887811,-4.14847558059572,224,4.75336828043016e-05,0.00160883234106867,0.950177319493297
4,4,hbo,0,aloc_sentences+bloc_words+cloc_jabsent+dloc_jabwords,-1.32892611608423,2.44498762980349,-0.543530813769816,224,0.587304891638296,0.799945560828628,0.468617742643511
4,4,hbo,0,aloc_sentences-dloc_jabwords,0.69707201012071,1.26787530880921,0.549795398078538,224,0.583007465086458,0.799945560828628,0.466721714085895
4,4,hbo,0,aloc_sentences-bloc_words+cloc_jabsent-dloc_jabwords,3.61422468960149,1.78159750419397,2.02864265418729,224,0.0436780441765034,0.217374933395316,0.320712194733873
4,4,hbo,0,aloc_sentences+bloc_words-cloc_jabsent-dloc_jabwords,-2.22008066936007,1.80965366002452,-1.22679865125683,224,0.221186181760182,0.501659381311752,0.349927301303198
4,4,hbo,0,aloc_sentences-bloc_words-cloc_jabsent+dloc_jabwords,1.93977238875846,1.81997510733365,1.06582358238972,224,0.287650852947073,0.585780308501429,0.367649295946139
4,4,hbr,0,aloc_sentences+bloc_words+cloc_jabsent+dloc_jabwords,-0.375302184521924,1.12374920996606,-0.333973257728261,224,0.738712189501926,0.885398238703402,0.552102770750394
4,4,hbr,0,aloc_sentences-dloc_jabwords,-0.632583771691355,0.695954596115753,-0.908944024828513,224,0.364356589649985,0.65616498381423,0.389265834575706
4,4,hbr,0,aloc_sentences-bloc_words+cloc_jabsent-dloc_jabwords,-0.625792399768485,0.983663645881709,-0.636185348913199,224,0.525305120024102,0.775178755247134,0.443007592252029
4,4,hbr,0,aloc_sentences+bloc_words-cloc_jabsent-dloc_jabwords,-0.639375143614225,0.991915219910393,-0.644586483582725,224,0.519854750074479,0.775178755247134,0.440918704490825
4,4,hbr,0,aloc_sentences-bloc_words-cloc_jabsent+dloc_jabwords,-0.547944918272079,0.990199893236191,-0.553367983590944,224,0.580563345040557,0.799945560828628,0.465652113281647
4,7,hbo,0,aloc_sentences+bloc_words+cloc_jabsent+dloc_jabwords,-4.28478652119126,3.27963436618148,-1.30648299254776,224,0.192728193621489,0.478027344556213,0.342433385315897
4,7,hbo,0,aloc_sentences-dloc_jabwords,-0.681489445912024,1.5921118103252,-0.428041197541788,224,0.669032384270628,0.851549775421149,0.509016262416162
4,7,hbo,0,aloc_sentences-bloc_words+cloc_jabsent-dloc_jabwords,-5.98810446238037,2.20869889653661,-2.7111456757506,224,0.00722481902332628,0.069106964570947,0.585467676346434
4,7,hbo,0,aloc_sentences+bloc_words-cloc_jabsent-dloc_jabwords,4.62512557055632,2.22427769414444,2.07938315558902,224,0.0387202520353386,0.202820367804154,0.339049689045041
4,7,hbo,0,aloc_sentences-bloc_words-cloc_jabsent+dloc_jabwords,0.132266741459546,2.33558345036615,0.0566311349049895,224,0.954889514344283,0.981662117550197,0.819417719141652
4,7,hbr,0,aloc_sentences+bloc_words+cloc_jabsent+dloc_jabwords,2.8709359057189,1.81611407881421,1.58081253771978,224,0.115331883050185,0.370408967460447,0.321415294763419
4,7,hbr,0,aloc_sentences-dloc_jabwords,0.945483226294573,1.02677200911883,0.920830737396109,224,0.358129441256164,0.653620818414793,0.387442534939027
4,7,hbr,0,aloc_sentences-bloc_words+cloc_jabsent-dloc_jabwords,3.82241714244112,1.46477565195363,2.60955808307096,224,0.00967697724396777,0.0868953058642003,0.545554606333588
4,7,hbr,0,aloc_sentences+bloc_words-cloc_jabsent-dloc_jabwords,-1.93145068985197,1.44744594217603,-1.33438537051567,224,0.183432472856062,0.47108212111716,0.339978251893815
4,7,hbr,0,aloc_sentences-bloc_words-cloc_jabsent+dloc_jabwords,-3.47607096139084,1.5238849019428,-2.28105873150866,224,0.023484994493788,0.154229814586071,0.415398625469106
5,5,hbo,0,aloc_sentences+bloc_words+cloc_jabsent+dloc_jabwords,-1.11790164272731,4.91873095472976,-0.227274403299566,224,0.820417669105053,0.916202473112242,0.618872772667374
5,5,hbo,0,aloc_sentences-dloc_jabwords,-1.20345290412748,2.45867706924176,-0.489471724116505,224,0.62498674251466,0.829575222860161,0.486146521479962
5,5,hbo,0,aloc_sentences-bloc_words+cloc_jabsent-dloc_jabwords,-2.32404043250899,3.43740705215186,-0.676102770852847,224,0.499672855559907,0.758124332573653,0.433390801753996
5,5,hbo,0,aloc_sentences+bloc_words-cloc_jabsent-dloc_jabwords,-0.0828653757459707,3.42502919620286,-0.0241940640499763,224,0.980719351873908,0.994703087518366,0.895892521478648
5,5,hbo,0,aloc_sentences-bloc_words-cloc_jabsent+dloc_jabwords,11.2583378403646,3.56569828927775,3.1574005782315,224,0.00181083440621277,0.0274747289218489,0.745802491207119
5,5,hbr,0,aloc_sentences+bloc_words+cloc_jabsent+dloc_jabwords,-2.18880522050563,1.77472518515876,-1.23332065088705,224,0.218748789412806,0.501116013232997,0.349285411096733
5,5,hbr,0,aloc_sentences-dloc_jabwords,-0.157508743311422,1.00656025148,-0.156482180852888,224,0.875793905081358,0.943062293014524,0.68076761372875
5,5,hbr,0,aloc_sentences-bloc_words+cloc_jabsent-dloc_jabwords,0.664617481526727,1.39686757383759,0.47579133052737,224,0.634686729376791,0.831247887606844,0.490944721647918
5,5,hbr,0,aloc_sentences+bloc_words-cloc_jabsent-dloc_jabwords,-0.979634968149572,1.41712238235372,-0.691284662742027,224,0.490102469264959,0.748767661377021,0.429913880091797
5,5,hbr,0,aloc_sentences-bloc_words-cloc_jabsent+dloc_jabwords,2.1278361174349,1.4280333338965,1.49004653247759,224,0.137618709085506,0.423972551248278,0.327664240133249
5,6,hbo,0,aloc_sentences+bloc_words+cloc_jabsent+dloc_jabwords,3.28440762593612,4.40199862614093,0.746117367332175,224,0.456378814580297,0.721715512418059,0.418173204492183
5,6,hbo,0,aloc_sentences-dloc_jabwords,1.23795139326056,2.53907981453005,0.487559070091576,224,0.62633902209051,0.829575222860161,0.486807950614927
5,6,hbo,0,aloc_sentences-bloc_words+cloc_jabsent-dloc_jabwords,5.43612709180927,3.53612457424289,1.53731209907196,224,0.125628225651639,0.392031342459015,0.324333584846467
5,6,hbo,0,aloc_sentences+bloc_words-cloc_jabsent-dloc_jabwords,-2.96022430528814,3.4924155830046,-0.847615134834956,224,0.397557095663446,0.696912837019587,0.399242042419752
5,6,hbo,0,aloc_sentences-bloc_words-cloc_jabsent+dloc_jabwords,7.13813218587255,3.64530896863335,1.95816932043176,224,0.0514515554969748,0.235819629361134,0.300830105976149
5,6,hbr,0,aloc_sentences+bloc_words+cloc_jabsent+dloc_jabwords,-3.48232675977214,1.97697796721595,-1.76143933696746,224,0.0795283318503989,0.309667840833412,0.310614445900404
5,6,hbr,0,aloc_sentences-dloc_jabwords,2.73541080951643,1.18990143659911,2.29885495166271,224,0.0224349514638202,0.151867363755091,0.422342061952581
5,6,hbr,0,aloc_sentences-bloc_words+cloc_jabsent-dloc_jabwords,-0.562139086172433,1.67992012011837,-0.334622509392187,224,0.738222975520778,0.885398238703402,0.551763709760612
5,6,hbr,0,aloc_sentences+bloc_words-cloc_jabsent-dloc_jabwords,6.03296070520529,1.67075064961759,3.61092824149801,224,0.000376510349867298,0.00963714033344153,0.867172556192132
5,6,hbr,0,aloc_sentences-bloc_words-cloc_jabsent+dloc_jabwords,4.24077443196808,1.693074035008,2.50477790355342,224,0.0129648993424076,0.105639920567766,0.503900473542192
6,4,hbo,0,aloc_sentences+bloc_words+cloc_jabsent+dloc_jabwords,1.46364637358178,3.07700301719488,0.475672713157134,224,0.634771114172499,0.831247887606844,0.490987019262322
6,4,hbo,0,aloc_sentences-dloc_jabwords,-2.60498882787217,1.59134395213381,-1.63697409625316,224,0.103039984408891,0.356988922361512,0.317840903212446
6,4,hbo,0,aloc_sentences-bloc_words+cloc_jabsent-dloc_jabwords,-3.27133422584477,2.25538951412528,-1.45045199747393,224,0.148331334624186,0.429403992351784,0.330591530064254
6,4,hbo,0,aloc_sentences+bloc_words-cloc_jabsent-dloc_jabwords,-1.93864342989957,2.24299622117483,-0.864309717331646,224,0.388342367982893,0.686227477560133,0.396427655397445
6,4,hbo,0,aloc_sentences-bloc_words-cloc_jabsent+dloc_jabwords,4.74698326122935,2.28237993805385,2.07983919858541,224,0.0386779710817264,0.202820367804154,0.339216339383063
6,4,hbr,0,aloc_sentences+bloc_words+cloc_jabsent+dloc_jabwords,1.27886167119038,1.83094674274413,0.69847016373272,224,0.485607707765094,0.745471436866725,0.428306402900646
6,4,hbr,0,aloc_sentences-dloc_jabwords,0.541543735437278,1.01088000165719,0.535715153677483,224,0.592686938250301,0.799945560828628,0.471020507217359
6,4,hbr,0,aloc_sentences-bloc_words+cloc_jabsent-dloc_jabwords,2.43479862374916,1.41788896242933,1.71719978663034,224,0.0873248313360766,0.328401075110032,0.313080403600601
6,4,hbr,0,aloc_sentences+bloc_words-cloc_jabsent-dloc_jabwords,-1.3517111528746,1.42540012317647,-0.948302957812538,224,0.343997183284801,0.641350680700476,0.383355192187774
6,4,hbr,0,aloc_sentences-bloc_words-cloc_jabsent+dloc_jabwords,-0.914370617741704,1.4483476638544,-0.631319841610643,224,0.528475102019538,0.775178755247134,0.444233508726728
6,6,hbo,0,aloc_sentences+bloc_words+cloc_jabsent+dloc_jabwords,1.12648282917086,3.5075216160071,0.32116204901774,224,0.748387042427629,0.885398238703402,0.558932736362893
6,6,hbo,0,aloc_sentences-dloc_jabwords,-6.44907444473837,1.86220649288828,-3.46313605358333,224,0.000639502691052729,0.0133991040030096,0.832987586794184
6,6,hbo,0,aloc_sentences-bloc_words+cloc_jabsent-dloc_jabwords,-5.5120549663497,2.60709025232565,-2.11425552354111,224,0.0355990848316642,0.202820367804154,0.351882290851167
6,6,hbo,0,aloc_sentences+bloc_words-cloc_jabsent-dloc_jabwords,-7.38609392312704,2.57270949339443,-2.87093973963685,224,0.00448484022175455,0.0493332424393,0.646343479031882
6,6,hbo,0,aloc_sentences-bloc_words-cloc_jabsent+dloc_jabwords,4.28579629379806,2.67014042802538,1.60508273228442,224,0.109884483659136,0.369063728695471,0.319844805797
6,6,hbr,0,aloc_sentences+bloc_words+cloc_jabsent+dloc_jabwords,1.9052083773422,1.59927084373436,1.19129813740209,224,0.234797309509283,0.526991643486025,0.353516932582741
6,6,hbr,0,aloc_sentences-dloc_jabwords,1.67887657624504,0.99093352839965,1.69423733088981,224,0.091610046880846,0.337491049636635,0.314403726898961
6,6,hbr,0,aloc_sentences-bloc_words+cloc_jabsent-dloc_jabwords,-0.78556787018801,1.39919480233651,-0.561442816165549,224,0.575056967083429,0.798186326551132,0.463265190986411
6,6,hbr,0,aloc_sentences+bloc_words-cloc_jabsent-dloc_jabwords,4.1433210226781,1.4054647638171,2.94800775469124,224,0.00353696329691922,0.0420611851525528,0.674510911823948
6,6,hbr,0,aloc_sentences-bloc_words-cloc_jabsent+dloc_jabwords,2.76860192574434,1.40999339137651,1.96355666819225,224,0.0508187163099394,0.235370896593404,0.300586441460284
6,7,hbo,0,aloc_sentences+bloc_words+cloc_jabsent+dloc_jabwords,2.60158729126894,3.27696609626875,0.793901192395972,224,0.428093171236004,0.711786990404194,0.408847590340145
6,7,hbo,0,aloc_sentences-dloc_jabwords,-3.53850360238953,1.58398646963115,-2.23392287133204,224,0.0264761761851954,0.161798854465083,0.397141499575423
6,7,hbo,0,aloc_sentences-bloc_words+cloc_jabsent-dloc_jabwords,-4.72162377111394,2.23906391953855,-2.10874898653497,224,0.0360770834898508,0.202820367804154,0.34984416207026
6,7,hbo,0,aloc_sentences+bloc_words-cloc_jabsent-dloc_jabwords,-2.35538343366512,2.21237031967563,-1.064642484451,224,0.288184021370576,0.585780308501429,0.367794222209114
6,7,hbo,0,aloc_sentences-bloc_words-cloc_jabsent+dloc_jabwords,-3.19482953299939,2.25025191594177,-1.419765276219,224,0.157066221166281,0.434699062850589,0.332951883960327
6,7,hbr,0,aloc_sentences+bloc_words+cloc_jabsent+dloc_jabwords,0.297398257442708,1.87459287232207,0.158646851715764,224,0.874090051159632,0.943062293014524,0.678569227082122
6,7,hbr,0,aloc_sentences-dloc_jabwords,-0.383011967719721,0.939167723756238,-0.407820624614152,224,0.683794885034584,0.861307461752715,0.517359661656625
6,7,hbr,0,aloc_sentences-bloc_words+cloc_jabsent-dloc_jabwords,1.17641642835151,1.3318795402651,0.883275395999665,224,0.378034462139746,0.670706303796323,0.393321835936793
6,7,hbr,0,aloc_sentences+bloc_words-cloc_jabsent-dloc_jabwords,-1.94244036379095,1.35417521023433,-1.43440844959407,224,0.152850319551027,0.434332437805375,0.331815277118013
6,7,hbr,0,aloc_sentences-bloc_words-cloc_jabsent+dloc_jabwords,1.38247611489977,1.37670242462146,1.00419385495009,224,0.316368715796758,0.615939092701654,0.375547737985422
7,3,hbo,0,aloc_sentences+bloc_words+cloc_jabsent+dloc_jabwords,-5.4874953253655,2.95844924637157,-1.85485532060275,224,0.0649309610644843,0.269524744041255,0.305742735692734
7,3,hbo,0,aloc_sentences-dloc_jabwords,1.7315037217052,1.24311851045167,1.39287099914237,224,0.165039653385169,0.44278931396021,0.33508992274684
7,3,hbo,0,aloc_sentences-bloc_words+cloc_jabsent-dloc_jabwords,3.08166227422721,1.76848619919207,1.74254244994112,224,0.0827859601337418,0.319524758410933,0.311654624267331
7,3,hbo,0,aloc_sentences+bloc_words-cloc_jabsent-dloc_jabwords,0.381345169183187,1.80533636611201,0.21123219824373,224,0.832898134863569,0.917565919230831,0.631321624576393
7,3,hbo,0,aloc_sentences-bloc_words-cloc_jabsent+dloc_jabwords,0.424580347860531,1.94017257637275,0.218836382407953,224,0.826976762578032,0.917565919230831,0.6253222411785
7,3,hbr,0,aloc_sentences+bloc_words+cloc_jabsent+dloc_jabwords,-2.38083660819442,1.86975071631413,-1.27334440223551,224,0.204215670121399,0.488213107077614,0.345459906499719
7,3,hbr,0,aloc_sentences-dloc_jabwords,0.147795466770133,1.016195734177,0.145439959841822,224,0.884494304066518,0.943062293014524,0.69235532843128
7,3,hbr,0,aloc_sentences-bloc_words+cloc_jabsent-dloc_jabwords,-0.624284070964946,1.42665346054367,-0.437586343306555,224,0.662107789619747,0.850965167167022,0.505227849342657
7,3,hbr,0,aloc_sentences+bloc_words-cloc_jabsent-dloc_jabwords,0.919875004505212,1.45080558797786,0.634044293823914,224,0.526698855579694,0.775178755247134,0.443545579786778
7,3,hbr,0,aloc_sentences-bloc_words-cloc_jabsent+dloc_jabwords,-0.263806801603653,1.50376131261294,-0.175431299762102,224,0.860899227178941,0.935297925824035,0.66226958702891
7,7,hbo,0,aloc_sentences+bloc_words+cloc_jabsent+dloc_jabwords,-5.75201046955972,2.92053858483836,-1.9695033304544,224,0.0501278093126465,0.234640809548558,0.300318848386148
7,7,hbo,0,aloc_sentences-dloc_jabwords,2.87608310351225,1.33796119139935,2.14960129038138,224,0.0326585342211463,0.189209624508709,0.365064718709956
7,7,hbo,0,aloc_sentences-bloc_words+cloc_jabsent-dloc_jabwords,4.23837190239846,1.88655348635453,2.24662164791757,224,0.0256393720521376,0.160596579137159,0.40203962636795
7,7,hbo,0,aloc_sentences+bloc_words-cloc_jabsent-dloc_jabwords,1.51379430462604,1.9294922976576,0.784555764469119,224,0.433542985064373,0.711786990404194,0.410610495528205
7,7,hbo,0,aloc_sentences-bloc_words-cloc_jabsent+dloc_jabwords,-0.695324129092246,1.9745306656049,-0.352146533454435,224,0.72505944812928,0.879933756969362,0.542857023927633
7,7,hbr,0,aloc_sentences+bloc_words+cloc_jabsent+dloc_jabwords,-1.34138896445675,1.69740658743962,-0.790257899540801,224,0.43021297876736,0.711786990404194,0.409531462992874
7,7,hbr,0,aloc_sentences-dloc_jabwords,-0.224831167572188,0.851695968962926,-0.263980546774168,224,0.792037609546731,0.905185839481979,0.593087279768744
7,7,hbr,0,aloc_sentences-bloc_words+cloc_jabsent-dloc_jabwords,-1.35462930364336,1.20356057646669,-1.1255181750969,224,0.261574000169331,0.55600270567394,0.360626084485914
7,7,hbr,0,aloc_sentences+bloc_words-cloc_jabsent-dloc_jabwords,0.904966968498986,1.25388583464797,0.72172995618302,224,0.471213214025575,0.735226291387423,0.423248715337756
7,7,hbr,0,aloc_sentences-bloc_words-cloc_jabsent+dloc_jabwords,1.19356438688939,1.27979811597678,0.932619271734451,224,0.352020720841712,0.645371321543138,0.385667366718473
7,18,hbo,0,aloc_sentences+bloc_words+cloc_jabsent+dloc_jabwords,-7.73260870927774,6.08690370908257,-1.27036816727354,224,0.20527142002127,0.488213107077614,0.345737830436956
7,18,hbo,0,aloc_sentences-dloc_jabwords,-1.4254855447085,2.5089496401622,-0.568160285838316,224,0.570495225987371,0.794360441248238,0.461311190914841
7,18,hbo,0,aloc_sentences-bloc_words+cloc_jabsent-dloc_jabwords,-6.42467146573219,3.34015914943629,-1.92346267896141,224,0.0556895868420298,0.237897264179545,0.302428680595639
7,18,hbo,0,aloc_sentences+bloc_words-cloc_jabsent-dloc_jabwords,3.5737003763152,3.67249585284682,0.973098546468053,224,0.331553964478968,0.630018850130078,0.379810643751606
7,18,hbo,0,aloc_sentences-bloc_words-cloc_jabsent+dloc_jabwords,-7.30381685011529,3.49159085645704,-2.09183067271707,224,0.0375802983479827,0.202820367804154,0.343609623741488
7,18,hbr,0,aloc_sentences+bloc_words+cloc_jabsent+dloc_jabwords,0.758114178971269,3.60114072445784,0.210520564726169,224,0.833452777577288,0.917565919230831,0.631892510717092
7,18,hbr,0,aloc_sentences-dloc_jabwords,6.19273580116542,1.437970376456,4.30658093001048,224,2.48070277230061e-05,0.000909591016510225,0.964299617915035
7,18,hbr,0,aloc_sentences-bloc_words+cloc_jabsent-dloc_jabwords,2.18642982659033,2.10778330351171,1.03731243289933,224,0.300708736787783,0.601417473575566,0.371216426558073
7,18,hbr,0,aloc_sentences+bloc_words-cloc_jabsent-dloc_jabwords,10.1990417757405,2.02016993167679,5.0486058701384,224,9.21110806961778e-07,5.78983935804546e-05,0.994334313537874
7,18,hbr,0,aloc_sentences-bloc_words-cloc_jabsent+dloc_jabwords,0.738086747417863,2.09940272779318,0.35156987158615,224,0.725491345233837,0.879933756969362,0.543142808906591
8,8,hbo,0,aloc_sentences+bloc_words+cloc_jabsent+dloc_jabwords,1.20632822703047,4.41983802444112,0.272934940230757,224,0.785154682924395,0.903939684262117,0.58729747603069
8,8,hbo,0,aloc_sentences-dloc_jabwords,0.782813308664077,2.21835539211502,0.35288002609795,224,0.724510218156229,0.879933756969362,0.54249421372601
8,8,hbo,0,aloc_sentences-bloc_words+cloc_jabsent-dloc_jabwords,2.97560294407095,3.11301435330791,0.955859050540211,224,0.340173887620054,0.636921321501377,0.382260893660981
8,8,hbo,0,aloc_sentences+bloc_words-cloc_jabsent-dloc_jabwords,-1.4099763267428,3.19028993019371,-0.441958680118201,224,0.658945488950672,0.850965167167022,0.503523174765772
8,8,hbo,0,aloc_sentences-bloc_words-cloc_jabsent+dloc_jabwords,0.0768853963583612,3.09138725035901,0.0248708395719211,224,0.980180128484203,0.994703087518366,0.893930140765836
8,8,hbr,0,aloc_sentences+bloc_words+cloc_jabsent+dloc_jabwords,-0.000497826241569355,2.28604496132367,-0.000217767476139709,224,0.999826440506605,0.999826440506605,0.997141173091945
8,8,hbr,0,aloc_sentences-dloc_jabwords,1.72673190717611,1.33511224189883,1.29332340232332,224,0.197231389590287,0.478027344556213,0.343620506844279
8,8,hbr,0,aloc_sentences-bloc_words+cloc_jabsent-dloc_jabwords,1.89741361173794,1.84896862489148,1.02620108648371,224,0.305903696914653,0.606019891782025,0.372646467412914
8,8,hbr,0,aloc_sentences+bloc_words-cloc_jabsent-dloc_jabwords,1.55605020261428,1.88373401906224,0.826045602440686,224,0.409657170459078,0.706614636774378,0.402995148143555
8,8,hbr,0,aloc_sentences-bloc_words-cloc_jabsent+dloc_jabwords,0.409544309503767,1.9058770263783,0.214884960485627,224,0.830052518443969,0.917565919230831,0.628416962779594
9,1,hbo,0,aloc_sentences+bloc_words+cloc_jabsent+dloc_jabwords,-5.50305680546093,3.77569620238354,-1.45749459450337,224,0.146380391823395,0.429403992351784,0.330061318205431
9,1,hbo,0,aloc_sentences-dloc_jabwords,-1.9095920595435,1.67288268600871,-1.14149789194097,224,0.254881608170325,0.555937558490385,0.358841344376884
9,1,hbo,0,aloc_sentences-bloc_words+cloc_jabsent-dloc_jabwords,-0.774467336387315,2.39604233152536,-0.323227735252188,224,0.746824318363721,0.885398238703402,0.557813166397331
9,1,hbo,0,aloc_sentences+bloc_words-cloc_jabsent-dloc_jabwords,-3.04471678269968,2.35680815587801,-1.29188146905635,224,0.197729492520979,0.478027344556213,0.34375174992492
9,1,hbo,0,aloc_sentences-bloc_words-cloc_jabsent+dloc_jabwords,-1.09732551125796,2.56863686263948,-0.427201496333885,224,0.669642920702113,0.851549775421149,0.509354019852938
9,1,hbr,0,aloc_sentences+bloc_words+cloc_jabsent+dloc_jabwords,2.00940871547737,2.53951181321083,0.791257872881001,224,0.429630545901741,0.711786990404194,0.409343331645244
9,1,hbr,0,aloc_sentences-dloc_jabwords,0.507510265666161,1.43345912701227,0.354045857396683,224,0.72363755224338,0.879933756969362,0.541919155745161
9,1,hbr,0,aloc_sentences-bloc_words+cloc_jabsent-dloc_jabwords,1.41005429218033,1.97936351941433,0.712377629652155,224,0.476972313485104,0.741582395524543,0.425256066317514
9,1,hbr,0,aloc_sentences+bloc_words-cloc_jabsent-dloc_jabwords,-0.395033760848006,1.99897718419501,-0.197617943802139,224,0.843523205777763,0.923259230204516,0.642537747923396
9,1,hbr,0,aloc_sentences-bloc_words-cloc_jabsent+dloc_jabwords,-0.57922967964027,2.07942260504175,-0.278553132122289,224,0.780844757427491,0.903939684262117,0.583755188052009
9,3,hbo,0,aloc_sentences+bloc_words+cloc_jabsent+dloc_jabwords,-8.06141288892488,2.99839746321155,-2.68857380912081,224,0.00771515500575182,0.0722269830325702,0.576660729578528
9,3,hbo,0,aloc_sentences-dloc_jabwords,4.25463794112666,1.39273854730118,3.05487196385223,224,0.00252448339078493,0.033659778543799,0.711937885895329
9,3,hbo,0,aloc_sentences-bloc_words+cloc_jabsent-dloc_jabwords,5.57263454199223,1.93873662976136,2.87436388029568,224,0.00443823399757781,0.0493332424393,0.647613677156066
9,3,hbo,0,aloc_sentences+bloc_words-cloc_jabsent-dloc_jabwords,2.93664134026109,2.00918136546022,1.46161087831333,224,0.145249284122547,0.429403992351784,0.329753359045364
9,3,hbo,0,aloc_sentences-bloc_words-cloc_jabsent+dloc_jabwords,1.15892325030567,2.02634121582255,0.571928972897702,224,0.567943585842226,0.793318024668506,0.460227286981174
9,3,hbr,0,aloc_sentences+bloc_words+cloc_jabsent+dloc_jabwords,0.00512740683590679,1.36020549822197,0.00376958249515181,224,0.99699567038843,0.999266731141023,0.972839895224172
9,3,hbr,0,aloc_sentences-dloc_jabwords,-0.793399292845038,0.748398588900851,-1.06012932762244,224,0.290227516484799,0.585780308501429,0.368350237066362
9,3,hbr,0,aloc_sentences-bloc_words+cloc_jabsent-dloc_jabwords,-1.4414620293222,1.07481651284213,-1.34112382169358,224,0.181238514898653,0.46908792091416,0.33939760315952
9,3,hbr,0,aloc_sentences+bloc_words-cloc_jabsent-dloc_jabwords,-0.145336556367874,1.07761556360721,-0.134868650079045,224,0.89283683527778,0.943062293014524,0.704079049375392
9,3,hbr,0,aloc_sentences-bloc_words-cloc_jabsent+dloc_jabwords,-1.1044252725387,1.12708926888152,-0.979891569400434,224,0.328196771378435,0.630018850130078,0.378862472450184
9,10,hbo,0,aloc_sentences+bloc_words+cloc_jabsent+dloc_jabwords,-6.01655440858273,3.48289742768062,-1.72745667465417,224,0.085464042530921,0.324173954427631,0.312499032048981
9,10,hbo,0,aloc_sentences-dloc_jabwords,2.30648899685338,1.58892028396022,1.45160774907139,224,0.148009803616388,0.429403992351784,0.33050422859086
9,10,hbo,0,aloc_sentences-bloc_words+cloc_jabsent-dloc_jabwords,0.840466809344144,2.20858144266249,0.380545988981481,224,0.703900789318793,0.869615009629795,0.529355306917114
9,10,hbo,0,aloc_sentences+bloc_words-cloc_jabsent-dloc_jabwords,3.77251118436262,2.22966136577017,1.69196598294177,224,0.0920430135372642,0.337491049636635,0.314536289442338
9,10,hbo,0,aloc_sentences-bloc_words-cloc_jabsent+dloc_jabwords,-1.40200349950076,2.24563251640156,-0.624324545205352,224,0.5330498111611,0.776628863943324,0.446017225361087
9,10,hbr,0,aloc_sentences+bloc_words+cloc_jabsent+dloc_jabwords,-0.391659274426576,1.64285432820604,-0.238401705922556,224,0.811787492495453,0.912951591589473,0.610682325077977
9,10,hbr,0,aloc_sentences-dloc_jabwords,0.488130512743685,0.961230519223271,0.507818367167661,224,0.612080392112928,0.8185877584489,0.479951276112823
9,10,hbr,0,aloc_sentences-bloc_words+cloc_jabsent-dloc_jabwords,0.601927053304851,1.34395052407655,0.447878878367524,224,0.654673467903919,0.850965167167022,0.501244940762163
9,10,hbr,0,aloc_sentences+bloc_words-cloc_jabsent-dloc_jabwords,0.374333972182519,1.38595876130499,0.270090267209721,224,0.787339478767928,0.903939684262117,0.589117310698791
9,10,hbr,0,aloc_sentences-bloc_words-cloc_jabsent+dloc_jabwords,2.18434267570665,1.38093808369329,1.5817817623399,224,0.1151103182986,0.370408967460447,0.321351803180759
10,1,hbo,0,aloc_sentences+bloc_words+cloc_jabsent+dloc_jabwords,-2.79949599729099,3.46386743341835,-0.808199520074671,224,0.419833211414269,0.711786990404194,0.406204731920416
10,1,hbo,0,aloc_sentences-dloc_jabwords,-0.751462652209072,1.8701977606782,-0.401809192593924,224,0.688207559920589,0.861307461752715,0.519927630961971
10,1,hbo,0,aloc_sentences-bloc_words+cloc_jabsent-dloc_jabwords,5.94747157136761,2.66977952848965,2.22770139178205,224,0.0268947492413004,0.16210533789277,0.394747668555048
10,1,hbo,0,aloc_sentences+bloc_words-cloc_jabsent-dloc_jabwords,-7.45039687578575,2.71314467034132,-2.74603745138606,224,0.00652208193048787,0.0652208193048787,0.598995301631832
10,1,hbo,0,aloc_sentences-bloc_words-cloc_jabsent+dloc_jabwords,3.96372391538606,2.71181767304369,1.46164838248039,224,0.145239009473444,0.429403992351784,0.329750559720041
10,1,hbr,0,aloc_sentences+bloc_words+cloc_jabsent+dloc_jabwords,0.251900438593055,1.88417929713624,0.133692392744108,224,0.893765854970583,0.943062293014524,0.705424510603431
10,1,hbr,0,aloc_sentences-dloc_jabwords,2.61672771689553,1.11656888053288,2.34354347727003,224,0.0199773520998727,0.141774756837806,0.439880633484749
10,1,hbr,0,aloc_sentences-bloc_words+cloc_jabsent-dloc_jabwords,3.05063357108003,1.58323478969408,1.92683586220936,224,0.0552652344137688,0.237897264179545,0.302271088426676
10,1,hbr,0,aloc_sentences+bloc_words-cloc_jabsent-dloc_jabwords,2.18282186271104,1.58568221703686,1.37658216713185,224,0.170015855501599,0.450644436269299,0.336417690232978
10,1,hbr,0,aloc_sentences-bloc_words-cloc_jabsent+dloc_jabwords,0.152124008285825,1.60798511923516,0.0946053582623844,224,0.924712866071144,0.966445750763191,0.755749008960764
10,9,hbo,0,aloc_sentences+bloc_words+cloc_jabsent+dloc_jabwords,4.62117920278302,3.5641243770845,1.29658191293627,224,0.196109173269167,0.478027344556213,0.343324774846621
10,9,hbo,0,aloc_sentences-dloc_jabwords,-5.84653737699196,1.7441915371503,-3.35200421081285,224,0.000941675309328094,0.0188335061865619,0.803819477770172
10,9,hbo,0,aloc_sentences-bloc_words+cloc_jabsent-dloc_jabwords,-4.22306981984116,2.52742362141897,-1.67089908634715,224,0.0961381362572902,0.346727704534489,0.315780421781349
10,9,hbo,0,aloc_sentences+bloc_words-cloc_jabsent-dloc_jabwords,-7.47000493414275,2.47490889789324,-3.01829491198709,224,0.00283631856985123,0.0367052991392512,0.699358093086961
10,9,hbo,0,aloc_sentences-bloc_words-cloc_jabsent+dloc_jabwords,5.64129289332168,2.51572993460224,2.24240798494677,224,0.0259144479971325,0.160596579137159,0.400412588177036
10,9,hbr,0,aloc_sentences+bloc_words+cloc_jabsent+dloc_jabwords,0.672541435283978,1.74016971649792,0.386480369648924,224,0.699507805202395,0.869444729630095,0.526668405046979
10,9,hbr,0,aloc_sentences-dloc_jabwords,1.17552015447705,0.864164044499719,1.36029745967686,224,0.175103141533531,0.455889835945288,0.33777072933407
10,9,hbr,0,aloc_sentences-bloc_words+cloc_jabsent-dloc_jabwords,1.40250791660659,1.23897916219967,1.13198668661756,224,0.258850366060647,0.555937558490385,0.359898992471887
10,9,hbr,0,aloc_sentences+bloc_words-cloc_jabsent-dloc_jabwords,0.948532392347505,1.23256791582491,0.769557912524998,224,0.442372918126666,0.716199210164326,0.413500355767893
10,9,hbr,0,aloc_sentences-bloc_words-cloc_jabsent+dloc_jabwords,-3.89481799019911,1.2246890656093,-3.18025048117938,224,0.0016796499737195,0.0274747289218489,0.753052867030706
10,10,hbo,0,aloc_sentences+bloc_words+cloc_jabsent+dloc_jabwords,-3.30598991497342,3.64484388419242,-0.90703196625551,224,0.365364593260197,0.65616498381423,0.389562313353082
10,10,hbo,0,aloc_sentences-dloc_jabwords,-0.214811491777699,1.82772211833473,-0.117529623142832,224,0.906545686210727,0.949714528411237,0.724826443860894
10,10,hbo,0,aloc_sentences-bloc_words+cloc_jabsent-dloc_jabwords,0.961904022553474,2.54277396656572,0.378289236558696,224,0.705573996449629,0.869615009629795,0.530388812516385
10,10,hbo,0,aloc_sentences+bloc_words-cloc_jabsent-dloc_jabwords,-1.39152700610887,2.61409497504914,-0.532316927805086,224,0.595034116137336,0.800657526301003,0.472078395946496
10,10,hbo,0,aloc_sentences-bloc_words-cloc_jabsent+dloc_jabwords,0.0225705549216638,2.5376853172114,0.00889415041675302,224,0.992911504337747,0.999266731141023,0.948572837422513
10,10,hbr,0,aloc_sentences+bloc_words+cloc_jabsent+dloc_jabwords,0.302749940148598,2.13554452983844,0.14176709308492,224,0.887391397516663,0.943062293014524,0.696355417602813
10,10,hbr,0,aloc_sentences-dloc_jabwords,-0.455982721301445,1.28408098020811,-0.355104334017582,224,0.722845558198103,0.879933756969362,0.541398746452829
10,10,hbr,0,aloc_sentences-bloc_words+cloc_jabsent-dloc_jabwords,-1.04582291879921,1.79667447629178,-0.582088148186819,224,0.561092696167232,0.786244542399943,0.457348636017442
10,10,hbr,0,aloc_sentences+bloc_words-cloc_jabsent-dloc_jabwords,0.133857476196317,1.818460999019,0.0736103090847312,224,0.94138615748386,0.979219643718436,0.788583464843138
10,10,hbr,0,aloc_sentences-bloc_words-cloc_jabsent+dloc_jabwords,1.31367906353343,1.80416363476586,0.72813742513102,224,0.467289935135437,0.731699542560826,0.421893263156955
10,11,hbo,0,aloc_sentences+bloc_words+cloc_jabsent+dloc_jabwords,2.96942081192289,3.83401282527853,0.774494230260475,224,0.439455302152164,0.716199210164326,0.412540805061971
10,11,hbo,0,aloc_sentences-dloc_jabwords,-0.44475081445855,1.74507321416977,-0.254860833830484,224,0.799064420529614,0.908165310796257,0.59917451000559
10,11,hbo,0,aloc_sentences-bloc_words+cloc_jabsent-dloc_jabwords,1.77718123092706,2.54814904844304,0.697440062233779,224,0.486250687228977,0.745471436866725,0.428535512779501
10,11,hbo,0,aloc_sentences+bloc_words-cloc_jabsent-dloc_jabwords,-2.66668285984416,2.43335743236759,-1.09588621234717,224,0.274305402909747,0.574735129906136,0.364039982390701
10,11,hbo,0,aloc_sentences-bloc_words-cloc_jabsent+dloc_jabwords,-2.93978182840158,2.38913267683516,-1.23048077526437,224,0.219807705804474,0.501116013232997,0.34956425493462
10,11,hbr,0,aloc_sentences+bloc_words+cloc_jabsent+dloc_jabwords,-3.45278338874,2.20777540039019,-1.5639196759461,224,0.119248065714623,0.37747589147075,0.322532472214623
10,11,hbr,0,aloc_sentences-dloc_jabwords,-2.45382457043885,1.22579590074707,-2.00182148508031,224,0.0465100857428111,0.224883931064142,0.31119060764007
10,11,hbr,0,aloc_sentences-bloc_words+cloc_jabsent-dloc_jabwords,-1.79988117528984,1.69286348956739,-1.06321696130962,224,0.288828420582603,0.585780308501429,0.367969462240324
10,11,hbr,0,aloc_sentences+bloc_words-cloc_jabsent-dloc_jabwords,-3.10776796558786,1.70881854322293,-1.81866470135936,224,0.0702980146090755,0.281412622498065,0.307578587277504
10,11,hbr,0,aloc_sentences-bloc_words-cloc_jabsent+dloc_jabwords,6.06145799919634,1.74647112927583,3.47068892098417,224,0.000622681908897249,0.0133991040030096,0.834862241624343
11,11,hbo,0,aloc_sentences+bloc_words+cloc_jabsent+dloc_jabwords,7.50072952985467,3.34227830143755,2.24419657891102,224,0.0257973729441731,0.160596579137159,0.401103014250022
11,11,hbo,0,aloc_sentences-dloc_jabwords,-7.8084467745311,1.53885286462214,-5.07419971983378,224,8.16582946705502e-07,5.78983935804546e-05,0.994725913155301
11,11,hbo,0,aloc_sentences-bloc_words+cloc_jabsent-dloc_jabwords,-1.31474077792241,2.17974855675804,-0.6031616691963,224,0.547011363545654,0.778915857476012,0.451570884377499
11,11,hbo,0,aloc_sentences+bloc_words-cloc_jabsent-dloc_jabwords,-14.3021527711398,2.17500063644805,-6.57570049933241,224,3.36696781566559e-10,1.48146583889286e-07,0.999968683533502
11,11,hbo,0,aloc_sentences-bloc_words-cloc_jabsent+dloc_jabwords,4.2781724824298,2.20356893513481,1.94147431206552,224,0.0534550000444467,0.237897264179545,0.301592782613774
11,11,hbr,0,aloc_sentences+bloc_words+cloc_jabsent+dloc_jabwords,-0.924173361576226,1.71732145530413,-0.538148148514548,224,0.59100908168301,0.799945560828628,0.470268035806929
11,11,hbr,0,aloc_sentences-dloc_jabwords,1.64918926874722,1.02645155217181,1.60668982891378,224,0.10953112471466,0.369063728695471,0.319742221196439
11,11,hbr,0,aloc_sentences-bloc_words+cloc_jabsent-dloc_jabwords,3.39628735039376,1.43814057146724,2.36158232218478,224,0.0190543894822929,0.137441497905063,0.446996034356563
11,11,hbr,0,aloc_sentences+bloc_words-cloc_jabsent-dloc_jabwords,-0.0979088128993291,1.45763770968699,-0.067169511497033,224,0.946506671520267,0.981662117550197,0.799756474429857
11,11,hbr,0,aloc_sentences-bloc_words-cloc_jabsent+dloc_jabwords,-0.945587719610144,1.4307478331485,-0.660904526781134,224,0.509352688913335,0.76489823591081,0.4369592366158
11,12,hbo,0,aloc_sentences+bloc_words+cloc_jabsent+dloc_jabwords,4.04093464856034,4.19885621646813,0.962389384211725,224,0.336891787252845,0.633471736714751,0.381325220531014
11,12,hbo,0,aloc_sentences-dloc_jabwords,-3.997781955646,2.50790630132324,-1.59407149841948,224,0.112330022438556,0.370408967460447,0.320552351173416
11,12,hbo,0,aloc_sentences-bloc_words+cloc_jabsent-dloc_jabwords,-2.13464412770066,3.45757591283532,-0.617381709473498,224,0.537610065148313,0.77685798963759,0.447812745433185
11,12,hbo,0,aloc_sentences+bloc_words-cloc_jabsent-dloc_jabwords,-5.86091978359133,3.56415507574131,-1.64440650281535,224,0.101494922452623,0.354426713326619,0.317383328413854
11,12,hbo,0,aloc_sentences-bloc_words-cloc_jabsent+dloc_jabwords,4.97585183674384,3.46801624875771,1.4347833112161,224,0.152743542560696,0.434332437805375,0.331786428889996
11,12,hbr,0,aloc_sentences+bloc_words+cloc_jabsent+dloc_jabwords,1.11662191168819,1.88266975762925,0.593105565733574,224,0.553708851259485,0.781772637479792,0.454296138519516
11,12,hbr,0,aloc_sentences-dloc_jabwords,2.43303649137995,1.19774857759583,2.03134158277495,224,0.0434013595779605,0.217374933395316,0.321677070884656
11,12,hbr,0,aloc_sentences-bloc_words+cloc_jabsent-dloc_jabwords,0.103133794516291,1.62905855668227,0.0633088320203372,224,0.949577040066275,0.981662117550197,0.806747434423515
11,12,hbr,0,aloc_sentences+bloc_words-cloc_jabsent-dloc_jabwords,4.76293918824361,1.63787676416332,2.90799606689375,224,0.00400339607631894,0.0463551124626404,0.659999717503298
11,12,hbr,0,aloc_sentences-bloc_words-cloc_jabsent+dloc_jabwords,1.85820927034817,1.64474994199672,1.12978223795667,224,0.259776341270281,0.555937558490385,0.360146069092851
11,13,hbo,0,aloc_sentences+bloc_words+cloc_jabsent+dloc_jabwords,1.84026327469967,4.18280231064665,0.43995941907548,224,0.660390700872883,0.850965167167022,0.504300287177775
11,13,hbo,0,aloc_sentences-dloc_jabwords,-3.18433813932781,2.44934323049086,-1.30007836373739,224,0.194910257466256,0.478027344556213,0.34300875839459
11,13,hbo,0,aloc_sentences-bloc_words+cloc_jabsent-dloc_jabwords,1.88832224018279,3.45713583766405,0.546210021489555,224,0.585465182203917,0.799945560828628,0.467803641914117
11,13,hbo,0,aloc_sentences+bloc_words-cloc_jabsent-dloc_jabwords,-8.25699851883842,3.35141372793982,-2.46373596014186,224,0.0145028090111003,0.111992110793009,0.487547634043742
11,13,hbo,0,aloc_sentences-bloc_words-cloc_jabsent+dloc_jabwords,15.6330315873789,3.49446083687436,4.4736605494088,224,1.22299140988824e-05,0.000538116220350826,0.975455357255819
11,13,hbr,0,aloc_sentences+bloc_words+cloc_jabsent+dloc_jabwords,-1.57121859656518,2.07212185587133,-0.758265539313315,224,0.449089073735387,0.72116493592544,0.415727139734823
11,13,hbr,0,aloc_sentences-dloc_jabwords,4.85274173706191,1.37180335984168,3.5374907797441,224,0.000490940440974974,0.0113691470541573,0.850843324162854
11,13,hbr,0,aloc_sentences-bloc_words+cloc_jabsent-dloc_jabwords,7.10269871965039,1.89091064766647,3.75623180736524,224,0.000219961305156557,0.00604893589180533,0.895727315679263
11,13,hbr,0,aloc_sentences+bloc_words-cloc_jabsent-dloc_jabwords,2.60278475447343,1.9643411868297,1.32501663760058,224,0.186515649766733,0.474375062990534,0.340793395960883
11,13,hbr,0,aloc_sentences-bloc_words-cloc_jabsent+dloc_jabwords,-0.260255831343704,1.90213183231396,-0.136823235341738,224,0.89129341242566,0.943062293014524,0.701861961796451
11,21,hbo,0,aloc_sentences+bloc_words+cloc_jabsent+dloc_jabwords,-3.00125501764035,5.08985436907997,-0.589654398733386,224,0.556016654001984,0.781772637479792,0.455244709666475
11,21,hbo,0,aloc_sentences-dloc_jabwords,6.29095373929134,2.55355889967217,2.46360236299973,224,0.0145080688981852,0.111992110793009,0.487494422704505
11,21,hbo,0,aloc_sentences-bloc_words+cloc_jabsent-dloc_jabwords,15.2291431900039,3.50851550647372,4.34062302472483,224,2.15136164557483e-05,0.000860544658229934,0.966861455650146
11,21,hbo,0,aloc_sentences+bloc_words-cloc_jabsent-dloc_jabwords,-2.64723571142125,3.87277254740375,-0.683550525887692,224,0.494965485558063,0.753580670053798,0.431668719428403
11,21,hbo,0,aloc_sentences-bloc_words-cloc_jabsent+dloc_jabwords,15.6391323315673,3.44015622595682,4.54605294188858,224,8.94547685525993e-06,0.00043733442403493,0.979282514720527
11,21,hbr,0,aloc_sentences+bloc_words+cloc_jabsent+dloc_jabwords,5.27575389211655,2.7626698350723,1.90965776117741,224,0.0574548505529779,0.243078213877984,0.303078732101306
11,21,hbr,0,aloc_sentences-dloc_jabwords,2.21742992475099,1.38476596356318,1.6013030238303,224,0.110719118608641,0.369063728695471,0.3200867554566
11,21,hbr,0,aloc_sentences-bloc_words+cloc_jabsent-dloc_jabwords,1.90273638103916,1.86423162951974,1.02065448891098,224,0.308519217634486,0.606019891782025,0.373368954149175
11,21,hbr,0,aloc_sentences+bloc_words-cloc_jabsent-dloc_jabwords,2.53212346846283,2.02043458883681,1.25325684011409,224,0.21141882287438,0.497456053822071,0.347355865916575
11,21,hbr,0,aloc_sentences-bloc_words-cloc_jabsent+dloc_jabwords,2.95754921029903,1.84449487210633,1.60344669699279,224,0.110245136418211,0.369063728695471,0.319949415242856
12,10,hbo,0,aloc_sentences+bloc_words+cloc_jabsent+dloc_jabwords,-1.30587553325331,2.69007771353353,-0.48544156426544,224,0.62783761184644,0.829575222860161,0.487543744939218
12,10,hbo,0,aloc_sentences-dloc_jabwords,-1.50185436453833,1.21513562240523,-1.2359561655888,224,0.217769378685538,0.501116013232997,0.349027531388303
12,10,hbo,0,aloc_sentences-bloc_words+cloc_jabsent-dloc_jabwords,-1.70251472544109,1.75189523451,-0.971813092417755,224,0.332191757341314,0.630018850130078,0.379991156456344
12,10,hbo,0,aloc_sentences+bloc_words-cloc_jabsent-dloc_jabwords,-1.30119400363556,1.74366604913793,-0.746240373424073,224,0.456304668355903,0.721715512418059,0.418148168965687
12,10,hbo,0,aloc_sentences-bloc_words-cloc_jabsent+dloc_jabwords,1.73927069953505,1.84763451279951,0.941349973431558,224,0.347539614278792,0.643284793280445,0.384373367467139
12,10,hbr,0,aloc_sentences+bloc_words+cloc_jabsent+dloc_jabwords,0.796954833137222,1.22139946121943,0.652493191982868,224,0.514752100601619,0.770377293417389,0.438984312147716
12,10,hbr,0,aloc_sentences-dloc_jabwords,-0.291783345824529,0.728240980022633,-0.400668671262445,224,0.689045969402172,0.861307461752715,0.520419544748641
12,10,hbr,0,aloc_sentences-bloc_words+cloc_jabsent-dloc_jabwords,0.920028149212843,0.945682202819244,0.972872436924453,224,0.331666093538675,0.630018850130078,0.379842370435795
12,10,hbr,0,aloc_sentences+bloc_words-cloc_jabsent-dloc_jabwords,-1.5035948408619,1.08758343168796,-1.38250988113002,224,0.168192007769732,0.448512020719285,0.335931570927989
12,10,hbr,0,aloc_sentences-bloc_words-cloc_jabsent+dloc_jabwords,0.912060159506828,0.923510011681211,0.987601810451909,224,0.324413269743783,0.628818672631121,0.377797865162047
12,11,hbo,0,aloc_sentences+bloc_words+cloc_jabsent+dloc_jabwords,-5.31756624939233,2.97066526807946,-1.79002538809435,224,0.0748004571743378,0.296506316727105,0.309076954561899
12,11,hbo,0,aloc_sentences-dloc_jabwords,1.65972221394101,1.5604773504687,1.06359904130778,224,0.288655607788018,0.585780308501429,0.367922458456246
12,11,hbo,0,aloc_sentences-bloc_words+cloc_jabsent-dloc_jabwords,0.706133206639238,2.24088408538359,0.315113669308051,224,0.752968702246975,0.885398238703402,0.562252633929553
12,11,hbo,0,aloc_sentences+bloc_words-cloc_jabsent-dloc_jabwords,2.61331122124279,2.1990836105107,1.18836373876475,224,0.235948531288061,0.526991643486025,0.353821085261869
12,11,hbo,0,aloc_sentences-bloc_words-cloc_jabsent+dloc_jabwords,-2.10803160969385,2.18400510770325,-0.965213681167028,224,0.335478686321699,0.633471736714751,0.380923408592773
12,11,hbr,0,aloc_sentences+bloc_words+cloc_jabsent+dloc_jabwords,-1.9277233598663,1.44702925725486,-1.33219376885534,224,0.184150283709435,0.47108212111716,0.340168114275847
12,11,hbr,0,aloc_sentences-dloc_jabwords,0.917648642577264,0.824721957993527,1.11267637981874,224,0.267040105912943,0.562189696658827,0.362088617555207
12,11,hbr,0,aloc_sentences-bloc_words+cloc_jabsent-dloc_jabwords,1.45979609901653,1.15861818651382,1.25994578370026,224,0.208999993492565,0.494408586756605,0.346719241454125
12,11,hbr,0,aloc_sentences+bloc_words-cloc_jabsent-dloc_jabwords,0.375501186138003,1.18225243478672,0.317615066875073,224,0.751072815708229,0.885398238703402,0.560872017279265
12,11,hbr,0,aloc_sentences-bloc_words-cloc_jabsent+dloc_jabwords,-0.365556047195232,1.15907298998915,-0.315386563531823,224,0.752761794142842,0.885398238703402,0.56210148549398
12,14,hbo,0,aloc_sentences+bloc_words+cloc_jabsent+dloc_jabwords,-2.97415188298674,3.67737335356808,-0.808770716767439,224,0.4195052089525,0.711786990404194,0.406100491184381
12,14,hbo,0,aloc_sentences-dloc_jabwords,2.00795709737754,1.89034512115001,1.06221719775486,224,0.28928094049602,0.585780308501429,0.368092573916458
12,14,hbo,0,aloc_sentences-bloc_words+cloc_jabsent-dloc_jabwords,3.64747105408985,2.67845821426691,1.36178008477469,224,0.174635295235516,0.455889835945288,0.337646464937544
12,14,hbo,0,aloc_sentences+bloc_words-cloc_jabsent-dloc_jabwords,0.368443140665236,2.71333091102564,0.135789976507496,224,0.89210926584738,0.943062293014524,0.703031105054053
12,14,hbo,0,aloc_sentences-bloc_words-cloc_jabsent+dloc_jabwords,3.15943635563084,2.69854145131894,1.17079407992292,224,0.242925563385588,0.537121848691753,0.355666816573078
12,14,hbr,0,aloc_sentences+bloc_words+cloc_jabsent+dloc_jabwords,0.58059419936525,1.89189124935452,0.306885609605382,224,0.759215534242707,0.885838263772993,0.566871754977956
12,14,hbr,0,aloc_sentences-dloc_jabwords,-0.160689814262769,1.06664670666282,-0.15064951990103,224,0.880387767974103,0.943062293014524,0.686808693131838
12,14,hbr,0,aloc_sentences-bloc_words+cloc_jabsent-dloc_jabwords,0.827186734108535,1.53747444466149,0.538016574506809,224,0.591099762276721,0.799945560828628,0.470308624094463
12,14,hbr,0,aloc_sentences+bloc_words-cloc_jabsent-dloc_jabwords,-1.14856636263407,1.52735174511626,-0.751998592535506,224,0.452841340105579,0.721715512418059,0.416982363046223
12,14,hbr,0,aloc_sentences-bloc_words-cloc_jabsent+dloc_jabwords,-1.19566314444606,1.55915745132696,-0.766864913757406,224,0.443969309804255,0.716199210164326,0.414027364442234
13,12,hbo,0,aloc_sentences+bloc_words+cloc_jabsent+dloc_jabwords,3.98292678867011,4.43121247177878,0.898834532091682,224,0.369705974572478,0.661262718747522,0.390843573887648
13,12,hbo,0,aloc_sentences-dloc_jabwords,-11.9833019641727,1.95413514914183,-6.13227901326848,224,3.87437093518628e-09,8.52361605740981e-07,0.999828705871405
13,12,hbo,0,aloc_sentences-bloc_words+cloc_jabsent-dloc_jabwords,-8.18202562030203,2.63206828413932,-3.10859169938956,224,0.00212339163579989,0.0301384619274823,0.729946723190762
13,12,hbo,0,aloc_sentences+bloc_words-cloc_jabsent-dloc_jabwords,-15.7845783080434,2.84267606718173,-5.55271790911178,224,7.92803181992596e-08,8.72083500191856e-06,0.998747983043498
13,12,hbo,0,aloc_sentences-bloc_words-cloc_jabsent+dloc_jabwords,4.21164881906377,2.82776597614297,1.48939086706475,224,0.13779107915569,0.423972551248278,0.327711670107099
13,12,hbr,0,aloc_sentences+bloc_words+cloc_jabsent+dloc_jabwords,-4.13239964016183,1.80753283702981,-2.28620999602547,224,0.0231767219631057,0.154229814586071,0.417405829280665
13,12,hbr,0,aloc_sentences-dloc_jabwords,0.400616820698161,0.978639249744167,0.409361080503249,224,0.682665857988818,0.861307461752715,0.516708235810565
13,12,hbr,0,aloc_sentences-bloc_words+cloc_jabsent-dloc_jabwords,0.36590346864664,1.36495946677872,0.268069109414777,224,0.788892815356029,0.903939684262117,0.590421259325155
13,12,hbr,0,aloc_sentences+bloc_words-cloc_jabsent-dloc_jabwords,0.435330172749682,1.36456948832596,0.319023821413259,224,0.750005741830818,0.885398238703402,0.560099222255282
13,12,hbr,0,aloc_sentences-bloc_words-cloc_jabsent+dloc_jabwords,0.467547564422834,1.33218166367004,0.350963819104658,224,0.725945349499723,0.879933756969362,0.543443681457569
13,13,hbo,0,aloc_sentences+bloc_words+cloc_jabsent+dloc_jabwords,10.7398363528446,4.16710419014242,2.57729009470184,224,0.010599345157803,0.0911668468245508,0.532759004818919
13,13,hbo,0,aloc_sentences-dloc_jabwords,0.655301879401025,2.238025526896,0.292803576869781,224,0.769943347451221,0.893865627647856,0.575066190577946
13,13,hbo,0,aloc_sentences-bloc_words+cloc_jabsent-dloc_jabwords,6.54522146659883,3.22440560508296,2.02990016401191,224,0.0435489426876815,0.217374933395316,0.321161607573029
13,13,hbo,0,aloc_sentences+bloc_words-cloc_jabsent-dloc_jabwords,-5.23461770779678,3.10294062507848,-1.68698610134198,224,0.0929980758123953,0.338174821135983,0.314827994373542
13,13,hbo,0,aloc_sentences-bloc_words-cloc_jabsent+dloc_jabwords,10.6026234179966,3.31344319729884,3.19988084498929,224,0.00157403664034772,0.0274747289218489,0.759191578599973
13,13,hbr,0,aloc_sentences+bloc_words+cloc_jabsent+dloc_jabwords,0.258383449987001,2.11194137832923,0.122344044507244,224,0.902736242430195,0.949714528411237,0.718860952723631
13,13,hbr,0,aloc_sentences-dloc_jabwords,3.47240532137032,1.34212754226525,2.58723944783188,224,0.0103068856461621,0.0907005936862266,0.536708600487047
13,13,hbr,0,aloc_sentences-bloc_words+cloc_jabsent-dloc_jabwords,2.53530445127107,1.84764544647562,1.37218125701939,224,0.171379557945749,0.451538955066645,0.336780791899637
13,13,hbr,0,aloc_sentences+bloc_words-cloc_jabsent-dloc_jabwords,4.40950619146957,1.85870070266787,2.37235945794846,224,0.0185210664711327,0.13582115412164,0.451255426158288
13,13,hbr,0,aloc_sentences-bloc_words-cloc_jabsent+dloc_jabwords,-0.475371161576267,1.88218026446686,-0.25256409842918,224,0.800836683156699,0.908165310796257,0.600739090074744
14,11,hbo,0,aloc_sentences+bloc_words+cloc_jabsent+dloc_jabwords,0.803452746009698,4.04235019460155,0.198758817848757,224,0.842631695274125,0.923259230204516,0.641573296483425
14,11,hbo,0,aloc_sentences-dloc_jabwords,-5.78192694116935,2.24850289778354,-2.57145629959778,224,0.0107742637156287,0.0911668468245508,0.530441626155438
14,11,hbo,0,aloc_sentences-bloc_words+cloc_jabsent-dloc_jabwords,-1.34647972823327,3.17145218518052,-0.424562518875442,224,0.671563118343497,0.851549775421149,0.510420315259768
14,11,hbo,0,aloc_sentences+bloc_words-cloc_jabsent-dloc_jabwords,-10.2173741541054,3.14440950646917,-3.24937770766964,224,0.00133445240021823,0.0244649606706676,0.774292133516316
14,11,hbo,0,aloc_sentences-bloc_words-cloc_jabsent+dloc_jabwords,4.66913813455481,3.30960940629694,1.41078222876428,224,0.159696093536301,0.43637590121359,0.333658648639062
14,11,hbr,0,aloc_sentences+bloc_words+cloc_jabsent+dloc_jabwords,-1.22866626258192,2.26297443062909,-0.542943060227316,224,0.587708839544302,0.799945560828628,0.468796984629963
14,11,hbr,0,aloc_sentences-dloc_jabwords,2.07636197602534,1.34317608002773,1.54585985180921,224,0.123550022199734,0.388300069770592,0.323749341435472
14,11,hbr,0,aloc_sentences-bloc_words+cloc_jabsent-dloc_jabwords,1.45503108090425,1.85437896434903,0.784646023751155,224,0.433490157680321,0.711786990404194,0.410593332126101
14,11,hbr,0,aloc_sentences+bloc_words-cloc_jabsent-dloc_jabwords,2.69769287114642,1.88140539379601,1.43387112636231,224,0.153003472408711,0.434332437805375,0.331856649383495
14,11,hbr,0,aloc_sentences-bloc_words-cloc_jabsent+dloc_jabwords,-0.432679287842517,1.85143487654395,-0.233699436758042,224,0.81543176248787,0.912951591589473,0.614101272843966
14,13,hbo,0,aloc_sentences+bloc_words+cloc_jabsent+dloc_jabwords,0.505180699812901,3.46724186158342,0.145701026920053,224,0.884288437592521,0.943062293014524,0.692073866197723
14,13,hbo,0,aloc_sentences-dloc_jabwords,-0.0453026126368239,1.97177402988504,-0.0229755600541433,224,0.981690221611979,0.994703087518366,0.899483844582299
14,13,hbo,0,aloc_sentences-bloc_words+cloc_jabsent-dloc_jabwords,4.95247550133038,2.80302138959106,1.76683471618206,224,0.0786177212726205,0.308855333571009,0.310320973902802
14,13,hbo,0,aloc_sentences+bloc_words-cloc_jabsent-dloc_jabwords,-5.04308072660403,2.75507214746418,-1.83047138393301,224,0.0685081878018503,0.279107431785316,0.306972729814731
14,13,hbo,0,aloc_sentences-bloc_words-cloc_jabsent+dloc_jabwords,14.2977518846104,2.7939741752299,5.11735291305401,224,6.65829863466527e-07,5.78983935804546e-05,0.995331575333458
14,13,hbr,0,aloc_sentences+bloc_words+cloc_jabsent+dloc_jabwords,3.7784025588827,1.66269472996912,2.27245716894338,224,0.0240077355237953,0.155344171036323,0.412051978187784
14,13,hbr,0,aloc_sentences-dloc_jabwords,5.21258546552304,1.05361386453053,4.94733947701578,224,1.47703747288563e-06,8.12370610087099e-05,0.992517912972239
14,13,hbr,0,aloc_sentences-bloc_words+cloc_jabsent-dloc_jabwords,8.25307962631418,1.46970910451221,5.61545111272434,224,5.7757299609662e-08,8.4710706094171e-06,0.998977342039844
14,13,hbr,0,aloc_sentences+bloc_words-cloc_jabsent-dloc_jabwords,2.17209130473189,1.46795023997182,1.4796763851979,224,0.14036462626252,0.428891913579924,0.328418459633623
14,13,hbr,0,aloc_sentences-bloc_words-cloc_jabsent+dloc_jabwords,-5.51025880053506,1.45158486347102,-3.79602938774034,224,0.000189308271340449,0.00555304262598651,0.902703199789477
14,14,hbo,0,aloc_sentences+bloc_words+cloc_jabsent+dloc_jabwords,-7.47189168188609,3.78657310563577,-1.97325958681882,224,0.0496954903140416,0.234640809548558,0.301189194539649
14,14,hbo,0,aloc_sentences-dloc_jabwords,1.45823741707146,1.90322853279116,0.766191443616548,224,0.444369055397412,0.716199210164326,0.414159551875012
14,14,hbo,0,aloc_sentences-bloc_words+cloc_jabsent-dloc_jabwords,0.732951325328235,2.70244759309676,0.271217590750146,224,0.786473457201538,0.903939684262117,0.588393981758906
14,14,hbo,0,aloc_sentences+bloc_words-cloc_jabsent-dloc_jabwords,2.18352350881469,2.75720567942763,0.791933487264529,224,0.429237296569412,0.711786990404194,0.409216408079449
14,14,hbo,0,aloc_sentences-bloc_words-cloc_jabsent+dloc_jabwords,8.4284672913427,2.83368890155943,2.9743798928331,224,0.00325733199469014,0.040949316504676,0.683933515799287
14,14,hbr,0,aloc_sentences+bloc_words+cloc_jabsent+dloc_jabwords,-2.35283856214369,2.08476706375556,-1.12858582766806,224,0.260279856929589,0.555937558490385,0.360280472321833
14,14,hbr,0,aloc_sentences-dloc_jabwords,3.23082080704989,1.03346008704115,3.12621730395017,224,0.00200518689394513,0.0294094077778619,0.735729459920657
14,14,hbr,0,aloc_sentences-bloc_words+cloc_jabsent-dloc_jabwords,4.61349987817603,1.45518783240842,3.17038101572112,224,0.00173519334343286,0.0274747289218489,0.749934976513663
14,14,hbr,0,aloc_sentences+bloc_words-cloc_jabsent-dloc_jabwords,1.84814173592375,1.52398905082852,1.21270014041046,224,0.226521887475713,0.511126310201609,0.351333265699007
14,14,hbr,0,aloc_sentences-bloc_words-cloc_jabsent+dloc_jabwords,4.16440395643515,1.46424681550577,2.84405874223924,224,0.00486651509281433,0.0522260156302025,0.636315834534354
15,10,hbo,0,aloc_sentences+bloc_words+cloc_jabsent+dloc_jabwords,0.985781182474385,3.17675294900224,0.310310936449749,224,0.756613040346543,0.885398238703402,0.564934152888374
15,10,hbo,0,aloc_sentences-dloc_jabwords,0.919854237523518,1.52334438624807,0.603838663028179,224,0.54656193176394,0.778915857476012,0.451389455885282
15,10,hbo,0,aloc_sentences-bloc_words+cloc_jabsent-dloc_jabwords,1.95177981810177,2.14645876488851,0.909302265679976,224,0.364167926205681,0.65616498381423,0.389210385863274
15,10,hbo,0,aloc_sentences+bloc_words-cloc_jabsent-dloc_jabwords,-0.112071343054733,2.17286704644519,-0.051577634829559,224,0.958911205238745,0.983498672039739,0.829547942522352
15,10,hbo,0,aloc_sentences-bloc_words-cloc_jabsent+dloc_jabwords,-2.31824860776945,2.22371978914795,-1.04250932113066,224,0.298299431740788,0.599323059205236,0.370555380903835
15,10,hbr,0,aloc_sentences+bloc_words+cloc_jabsent+dloc_jabwords,-0.831986403383057,1.91596613078486,-0.434238575523378,224,0.664533179919655,0.850965167167022,0.50654598967042
15,10,hbr,0,aloc_sentences-dloc_jabwords,0.910558898818336,1.02805222616077,0.885712686230729,224,0.376722199571309,0.670706303796323,0.392929544435666
15,10,hbr,0,aloc_sentences-bloc_words+cloc_jabsent-dloc_jabwords,0.920544803360541,1.47376004589621,0.624623259345282,224,0.53285404994422,0.776628863943324,0.445940540206542
15,10,hbr,0,aloc_sentences+bloc_words-cloc_jabsent-dloc_jabwords,0.900572994276131,1.45062278536197,0.620818177794868,224,0.535350430460507,0.77685798963759,0.446920854506671
15,10,hbr,0,aloc_sentences-bloc_words-cloc_jabsent+dloc_jabwords,0.137330191118711,1.53063915787902,0.089720813956574,224,0.92858924592307,0.968197318024054,0.762952836198195
15,14,hbo,0,aloc_sentences+bloc_words+cloc_jabsent+dloc_jabwords,-8.20022841337448,3.00644334848171,-2.72755128331811,224,0.00688629612060665,0.067332673179265,0.591841942172192
15,14,hbo,0,aloc_sentences-dloc_jabwords,1.56312504093603,1.20857544453617,1.2933615754008,224,0.197218215617617,0.478027344556213,0.343617035531067
15,14,hbo,0,aloc_sentences-bloc_words+cloc_jabsent-dloc_jabwords,-0.254363180054115,1.73102833702355,-0.146943394636442,224,0.883308866875703,0.943062293014524,0.690739565552395
15,14,hbo,0,aloc_sentences+bloc_words-cloc_jabsent-dloc_jabwords,3.38061326192618,1.74664578815094,1.93548874354486,224,0.0541890778679724,0.237897264179545,0.301869045242057
15,14,hbo,0,aloc_sentences-bloc_words-cloc_jabsent+dloc_jabwords,0.0119082612706101,2.00522145222567,0.00593862650800622,224,0.995266974897845,0.999266731141023,0.961796483063402
15,14,hbr,0,aloc_sentences+bloc_words+cloc_jabsent+dloc_jabwords,0.211725460422119,1.79780512209044,0.117768860384562,224,0.906356336253785,0.949714528411237,0.724526058031663
15,14,hbr,0,aloc_sentences-dloc_jabwords,0.531069954264243,0.865273944810845,0.613759327261771,224,0.539997156353247,0.77685798963759,0.448759687434892
15,14,hbr,0,aloc_sentences-bloc_words+cloc_jabsent-dloc_jabwords,0.292784570956562,1.21794716505366,0.240391848971267,224,0.810246357291161,0.912951591589473,0.609253424772603
15,14,hbr,0,aloc_sentences+bloc_words-cloc_jabsent-dloc_jabwords,0.769355337571924,1.2543563987893,0.613346683856761,224,0.540269420066142,0.77685798963759,0.448868004472794
15,14,hbr,0,aloc_sentences-bloc_words-cloc_jabsent+dloc_jabwords,1.17029138900413,1.24511287396402,0.939907869780766,224,0.348277257097665,0.643284793280445,0.384585907898183
16,15,hbo,0,aloc_sentences+bloc_words+cloc_jabsent+dloc_jabwords,-4.54309436181194,4.94772002562595,-0.918219773609195,224,0.359491450128136,0.653620818414793,0.387840128294277
16,15,hbo,0,aloc_sentences-dloc_jabwords,1.80062930303622,2.29203569200057,0.785602645421534,224,0.432930491951476,0.711786990404194,0.410411589641376
16,15,hbo,0,aloc_sentences-bloc_words+cloc_jabsent-dloc_jabwords,2.52215098385998,3.26711007949858,0.771982248068932,224,0.440938620046428,0.716199210164326,0.413028058144802
16,15,hbo,0,aloc_sentences+bloc_words-cloc_jabsent-dloc_jabwords,1.07910762221247,3.18090524918886,0.339245446712895,224,0.734742667287807,0.885398238703402,0.549368595473386
16,15,hbo,0,aloc_sentences-bloc_words-cloc_jabsent+dloc_jabwords,-8.71487320646868,3.52671149763666,-2.47110465721643,224,0.0142153030818143,0.111992110793009,0.490482882873412
16,15,hbr,0,aloc_sentences+bloc_words+cloc_jabsent+dloc_jabwords,0.390399447520895,2.80206529310454,0.139325606894889,224,0.889318040285741,0.943062293014524,0.699056904145886
16,15,hbr,0,aloc_sentences-dloc_jabwords,0.285982839779454,1.53959845086863,0.185751576729702,224,0.852807674579194,0.928800437660508,0.652852490660761
16,15,hbr,0,aloc_sentences-bloc_words+cloc_jabsent-dloc_jabwords,-0.829349030000808,2.17652884337404,-0.38104205810347,224,0.703533185531195,0.869615009629795,0.529128999093768
16,15,hbr,0,aloc_sentences+bloc_words-cloc_jabsent-dloc_jabwords,1.40131470955972,2.20789330360021,0.63468407068164,224,0.526282189080522,0.775178755247134,0.443384579775656
16,15,hbr,0,aloc_sentences-bloc_words-cloc_jabsent+dloc_jabwords,-0.04713712412184,2.26292143895512,-0.0208302079384625,224,0.983399643342021,0.994703087518366,0.906001138464368
