source,detector,type,ShortSeperation,cond,beta,se,tstat,dfe,p,q,power,Contrast
1,1,hbo,0,aloc_sentences+bloc_words+cloc_jabsent+dloc_jabwords,-8.05851037569631,3.4384782733384798,-2.3436269579427003,156,0.0203585970521771,0.18487807052787802,0.43845590061668,Localizer v. Not (Baseline)
1,1,hbo,0,aloc_sentences-dloc_jabwords,-1.1429160730158898,1.6436779560893797,-0.695340634569989,156,0.487876336147546,0.7994752048323579,0.42906121827695703,Federonko Contrast (Sent v. Wordlist)
1,1,hbo,0,aloc_sentences-bloc_words+cloc_jabsent-dloc_jabwords,-2.4413221176525397,2.43933381090107,-1.0008151023622,156,0.318466073232141,0.747211047498623,0.376185943779426,Syntactic (Sentence v. Non Sentence)
1,1,hbo,0,aloc_sentences+bloc_words-cloc_jabsent-dloc_jabwords,0.15548997162075798,2.2578721800435098,0.0688657103777069,156,0.945184705305457,0.9801915462426959,0.7972301441673342,Semantic (Words v. Non Words)
1,1,hbr,0,aloc_sentences+bloc_words+cloc_jabsent+dloc_jabwords,6.25929208295763,1.80195905029657,3.4736039545002204,156,0.000664827819270222,0.0203074679340722,0.83441432848107,Localizer v. Not (Baseline)
1,1,hbr,0,aloc_sentences-dloc_jabwords,2.5683107933469103,0.83281542920183,3.08388954297878,156,0.0024170428399549397,0.0513779635152907,0.720338191780921,Federonko Contrast (Sent v. Wordlist)
1,1,hbr,0,aloc_sentences-bloc_words+cloc_jabsent-dloc_jabwords,2.78261038032941,1.2772927967921899,2.17852193899293,156,0.0308682713591864,0.222933936073648,0.374607242593701,Syntactic (Sentence v. Non Sentence)
1,1,hbr,0,aloc_sentences+bloc_words-cloc_jabsent-dloc_jabwords,2.3540112063643996,1.192192437863,1.9745228468182099,156,0.0500876670016593,0.295253616009781,0.300729358749028,Semantic (Words v. Non Words)
1,2,hbo,0,aloc_sentences+bloc_words+cloc_jabsent+dloc_jabwords,-5.91564760621436,5.51470768849542,-1.07270374793488,156,0.285060656570248,0.7046769066357529,0.36702767307785794,Localizer v. Not (Baseline)
1,2,hbo,0,aloc_sentences-dloc_jabwords,4.18723689472788,2.84021727813958,1.4742663974886598,156,0.142425044241527,0.51456790177584,0.32922340803833,Federonko Contrast (Sent v. Wordlist)
1,2,hbo,0,aloc_sentences-bloc_words+cloc_jabsent-dloc_jabwords,11.821332898723199,4.0578480550394,2.9132024507527703,156,0.00410309663844058,0.0599408900224362,0.660432982949645,Syntactic (Sentence v. Non Sentence)
1,2,hbo,0,aloc_sentences+bloc_words-cloc_jabsent-dloc_jabwords,-3.4468591092673906,3.88257621146312,-0.887776291187975,156,0.37602781889089704,0.7795050376858109,0.39273228320264203,Semantic (Words v. Non Words)
1,2,hbr,0,aloc_sentences+bloc_words+cloc_jabsent+dloc_jabwords,2.95746969851943,2.16067151499365,1.36877340123037,156,0.17303788466413503,0.555525753888499,0.337421455596005,Localizer v. Not (Baseline)
1,2,hbr,0,aloc_sentences-dloc_jabwords,-0.14258274239371801,1.17028741864036,-0.121835662011449,156,0.9031859720478491,0.965037583828772,0.719793713657079,Federonko Contrast (Sent v. Wordlist)
1,2,hbr,0,aloc_sentences-bloc_words+cloc_jabsent-dloc_jabwords,3.12001237116171,1.6865578851480703,1.84992901734161,156,0.0662156060010707,0.347631931505621,0.306569281365435,Syntactic (Sentence v. Non Sentence)
1,2,hbr,0,aloc_sentences+bloc_words-cloc_jabsent-dloc_jabwords,-3.40517785594915,1.6268772744058302,-2.09307604791073,156,0.0379606181309178,0.255095353839768,0.342765335875586,Semantic (Words v. Non Words)
1,9,hbo,0,aloc_sentences+bloc_words+cloc_jabsent+dloc_jabwords,-2.9174179488401197,5.38880616497691,-0.541384837294964,156,0.589014676260669,0.8680216281736178,0.46928970262843295,Localizer v. Not (Baseline)
1,9,hbo,0,aloc_sentences-dloc_jabwords,2.04037700546387,2.64461892962714,0.771520230232769,156,0.441565723732239,0.797518881793356,0.41320331755965395,Federonko Contrast (Sent v. Wordlist)
1,9,hbo,0,aloc_sentences-bloc_words+cloc_jabsent-dloc_jabwords,1.10777411072522,3.77596921931943,0.293374772510695,156,0.769625622547162,0.953610095385023,0.5747825893243089,Syntactic (Sentence v. Non Sentence)
1,9,hbo,0,aloc_sentences+bloc_words-cloc_jabsent-dloc_jabwords,2.9729799002025197,3.62637801430232,0.819820738068999,156,0.41356912188747896,0.788383518225146,0.404208512671841,Semantic (Words v. Non Words)
1,9,hbr,0,aloc_sentences+bloc_words+cloc_jabsent+dloc_jabwords,3.4348237188474204,1.97605384857543,1.73822374391449,156,0.0841445342030656,0.39820511960887395,0.312425149672337,Localizer v. Not (Baseline)
1,9,hbr,0,aloc_sentences-dloc_jabwords,1.3430141107489,1.1103586787855602,1.209531781404,156,0.228288401825548,0.625306529880687,0.351935250352095,Federonko Contrast (Sent v. Wordlist)
1,9,hbr,0,aloc_sentences-bloc_words+cloc_jabsent-dloc_jabwords,2.65826904549672,1.5928395381854499,1.6688869040286398,156,0.0971455127161759,0.4086412142915539,0.31639908956471996,Syntactic (Sentence v. Non Sentence)
1,9,hbr,0,aloc_sentences+bloc_words-cloc_jabsent-dloc_jabwords,0.0277591760010723,1.5664742912626002,0.017720798966128003,156,0.9858842322230351,0.997403577029948,0.91653707989879,Semantic (Words v. Non Words)
2,1,hbo,0,aloc_sentences+bloc_words+cloc_jabsent+dloc_jabwords,-2.4185309650348903,3.5841600799861,-0.674783187988709,156,0.500812353985206,0.7994752048323579,0.433740080354856,Localizer v. Not (Baseline)
2,1,hbo,0,aloc_sentences-dloc_jabwords,0.794872909889144,1.7069307593683503,0.46567378643014706,156,0.642098498667028,0.9049052500542809,0.4946057170891961,Federonko Contrast (Sent v. Wordlist)
2,1,hbo,0,aloc_sentences-bloc_words+cloc_jabsent-dloc_jabwords,2.19932097581584,2.5988948064038397,0.846252403289499,156,0.39870819477665903,0.78580068887429,0.39959105741031603,Syntactic (Sentence v. Non Sentence)
2,1,hbo,0,aloc_sentences+bloc_words-cloc_jabsent-dloc_jabwords,-0.609575156037556,2.43973627690547,-0.24985288853053197,156,0.803029829437077,0.953610095385023,0.6026950529077061,Semantic (Words v. Non Words)
2,1,hbr,0,aloc_sentences+bloc_words+cloc_jabsent+dloc_jabwords,2.02330368083018,2.28034567895327,0.8872793715025359,156,0.37629439355251393,0.7795050376858109,0.39281166021787,Localizer v. Not (Baseline)
2,1,hbr,0,aloc_sentences-dloc_jabwords,1.07930883079158,1.45887984261785,0.7398202369119321,156,0.46052096669665,0.7994752048323579,0.4195356180060089,Federonko Contrast (Sent v. Wordlist)
2,1,hbr,0,aloc_sentences-bloc_words+cloc_jabsent-dloc_jabwords,0.794427861634585,2.1000814200377103,0.37828431510065896,156,0.705733665472928,0.9258631303486529,0.530409327170013,Syntactic (Sentence v. Non Sentence)
2,1,hbr,0,aloc_sentences+bloc_words-cloc_jabsent-dloc_jabwords,1.36418979994858,2.0980254054429097,0.6502255865965479,156,0.516502939465234,0.813291267902157,0.439578764317661,Semantic (Words v. Non Words)
2,2,hbo,0,aloc_sentences+bloc_words+cloc_jabsent+dloc_jabwords,-0.0485370097492165,3.3615195758906604,-0.0144390085059541,156,0.9884981879493231,0.997403577029948,0.9277701786067779,Localizer v. Not (Baseline)
2,2,hbo,0,aloc_sentences-dloc_jabwords,0.226701032696844,1.51838403079563,0.14930414710569198,156,0.881506486658148,0.9640092244581809,0.68847217321589,Federonko Contrast (Sent v. Wordlist)
2,2,hbo,0,aloc_sentences-bloc_words+cloc_jabsent-dloc_jabwords,0.378869702073308,2.23211126554065,0.16973602880927202,156,0.8654376512037251,0.9640092244581809,0.667861565547922,Syntactic (Sentence v. Non Sentence)
2,2,hbo,0,aloc_sentences+bloc_words-cloc_jabsent-dloc_jabwords,0.0745323633203803,2.1698342744126102,0.0343493345087641,156,0.972642496334221,0.994948341260978,0.8690962401491571,Semantic (Words v. Non Words)
2,2,hbr,0,aloc_sentences+bloc_words+cloc_jabsent+dloc_jabwords,3.31512117140114,1.8507973130814699,1.79118542477331,156,0.0752023296032572,0.366202648502818,0.30956947161432696,Localizer v. Not (Baseline)
2,2,hbr,0,aloc_sentences-dloc_jabwords,-0.368617629251011,1.00185935338604,-0.367933510831808,156,0.713421555644207,0.929107142234315,0.535237534288247,Federonko Contrast (Sent v. Wordlist)
2,2,hbr,0,aloc_sentences-bloc_words+cloc_jabsent-dloc_jabwords,0.78842637083857,1.43070197866406,0.551076592187826,156,0.5823695615007111,0.8658237728506141,0.46635525965440205,Syntactic (Sentence v. Non Sentence)
2,2,hbr,0,aloc_sentences+bloc_words-cloc_jabsent-dloc_jabwords,-1.52566162934059,1.4200228390114098,-1.07439231780436,156,0.28430587491942305,0.7046769066357529,0.366823675156843,Semantic (Words v. Non Words)
2,3,hbo,0,aloc_sentences+bloc_words+cloc_jabsent+dloc_jabwords,1.31306844909313,3.2628041458214803,0.40243557087995,156,0.687914396273631,0.9208734547726691,0.519671381404514,Localizer v. Not (Baseline)
2,3,hbo,0,aloc_sentences-dloc_jabwords,0.55510107331115,1.56639197859297,0.3543819688158621,156,0.723531218368015,0.935024959121743,0.5417791483471671,Federonko Contrast (Sent v. Wordlist)
2,3,hbo,0,aloc_sentences-bloc_words+cloc_jabsent-dloc_jabwords,2.1135071925226496,2.2375534017649503,0.944561676541685,156,0.346343343607299,0.7656010753424509,0.384060560646873,Syntactic (Sentence v. Non Sentence)
2,3,hbo,0,aloc_sentences+bloc_words-cloc_jabsent-dloc_jabwords,-1.0033050459003499,2.2491913681635003,-0.44607366900912704,156,0.656162550719682,0.9049052500542809,0.501945134995209,Semantic (Words v. Non Words)
2,3,hbr,0,aloc_sentences+bloc_words+cloc_jabsent+dloc_jabwords,-0.5671187812187161,2.22742718586353,-0.254607102228958,156,0.7993618932458821,0.953610095385023,0.599434309108489,Localizer v. Not (Baseline)
2,3,hbr,0,aloc_sentences-dloc_jabwords,-1.15566349385453,1.38976581113452,-0.831552686499834,156,0.406932499595614,0.78580068887429,0.40213372926640206,Federonko Contrast (Sent v. Wordlist)
2,3,hbr,0,aloc_sentences-bloc_words+cloc_jabsent-dloc_jabwords,-1.72476236819699,1.94084858658265,-0.888664051446621,156,0.375551869213609,0.7795050376858109,0.39259063152753293,Syntactic (Sentence v. Non Sentence)
2,3,hbr,0,aloc_sentences+bloc_words-cloc_jabsent-dloc_jabwords,-0.586564619512067,1.88770013634225,-0.310729764870726,156,0.756420853374525,0.951900399752211,0.564744022447932,Semantic (Words v. Non Words)
2,4,hbo,0,aloc_sentences+bloc_words+cloc_jabsent+dloc_jabwords,-5.3101156760181905,4.004943848989,-1.3258901688118998,156,0.18681424863021698,0.5564873579756789,0.34105485085353493,Localizer v. Not (Baseline)
2,4,hbo,0,aloc_sentences-dloc_jabwords,2.88143740806528,1.74105628304207,1.65499383111882,156,0.0999362218577412,0.41455025363211206,0.31722959467080203,Federonko Contrast (Sent v. Wordlist)
2,4,hbo,0,aloc_sentences-bloc_words+cloc_jabsent-dloc_jabwords,0.55048598205956,2.56074523609671,0.21497100699429697,156,0.8300706976674042,0.9540865052711821,0.628481452900078,Syntactic (Sentence v. Non Sentence)
2,4,hbo,0,aloc_sentences+bloc_words-cloc_jabsent-dloc_jabwords,5.2123888340710005,2.62831861368937,1.9831647529042802,156,0.0491044245145751,0.295253616009781,0.303434818577201,Semantic (Words v. Non Words)
2,4,hbr,0,aloc_sentences+bloc_words+cloc_jabsent+dloc_jabwords,1.6700812368950801,2.46500437459108,0.677516540785908,156,0.499081843015036,0.7994752048323579,0.43310729443551205,Localizer v. Not (Baseline)
2,4,hbr,0,aloc_sentences-dloc_jabwords,-0.15993983445030702,1.35223226456908,-0.11827837468534,156,0.9059992522444409,0.965037583828772,0.7242077590692021,Federonko Contrast (Sent v. Wordlist)
2,4,hbr,0,aloc_sentences-bloc_words+cloc_jabsent-dloc_jabwords,1.33665591381951,1.9148826564588002,0.698035417110827,156,0.486194207840108,0.7994752048323579,0.428461351467495,Syntactic (Sentence v. Non Sentence)
2,4,hbr,0,aloc_sentences+bloc_words-cloc_jabsent-dloc_jabwords,-1.6565355827201202,1.9588049992794498,-0.845686826064608,156,0.39902274708491,0.78580068887429,0.3996877407032511,Semantic (Words v. Non Words)
3,4,hbo,0,aloc_sentences+bloc_words+cloc_jabsent+dloc_jabwords,2.09267830338313,3.0943414758504098,0.6762919734991429,156,0.49985673105919004,0.7994752048323579,0.433390376000938,Localizer v. Not (Baseline)
3,4,hbo,0,aloc_sentences-dloc_jabwords,1.05583290806851,1.6557896443150601,0.6376612582966551,156,0.5246290321379601,0.816089605547937,0.44267709441301795,Federonko Contrast (Sent v. Wordlist)
3,4,hbo,0,aloc_sentences-bloc_words+cloc_jabsent-dloc_jabwords,4.023138377704069,2.41176267778872,1.6681319496132099,156,0.0972955272122747,0.4086412142915539,0.31644391568150704,Syntactic (Sentence v. Non Sentence)
3,4,hbo,0,aloc_sentences+bloc_words-cloc_jabsent-dloc_jabwords,-1.91147256156704,2.3513220249185296,-0.8129352514499891,156,0.417494108659079,0.788383518225146,0.405445525400308,Semantic (Words v. Non Words)
3,4,hbr,0,aloc_sentences+bloc_words+cloc_jabsent+dloc_jabwords,4.39752416327868,1.42774339789803,3.0800521786707997,156,0.00244656969120432,0.0513779635152907,0.719049991383477,Localizer v. Not (Baseline)
3,4,hbr,0,aloc_sentences-dloc_jabwords,1.82818644610113,0.8143625658681309,2.2449293751023998,156,0.0261785935395969,0.208014618456154,0.39997868457585,Federonko Contrast (Sent v. Wordlist)
3,4,hbr,0,aloc_sentences-bloc_words+cloc_jabsent-dloc_jabwords,4.82442491106002,1.17340949814883,4.11145888853895,156,6.339171167212221e-05,0.0032342746648849397,0.9455702516426641,Syntactic (Sentence v. Non Sentence)
3,4,hbr,0,aloc_sentences+bloc_words-cloc_jabsent-dloc_jabwords,-1.1680520188577599,1.1085228378508,-1.05370135731473,156,0.293648959274598,0.7047575022590341,0.36935726085381604,Semantic (Words v. Non Words)
3,5,hbo,0,aloc_sentences+bloc_words+cloc_jabsent+dloc_jabwords,3.6038058275166405,3.9234668429057207,0.918525878212255,156,0.35976160996921397,0.7795050376858109,0.387940649443359,Localizer v. Not (Baseline)
3,5,hbo,0,aloc_sentences-dloc_jabwords,0.36288771849993795,2.29800424942926,0.15791429393138198,156,0.8747285562491821,0.9640092244581809,0.6795375288530829,Federonko Contrast (Sent v. Wordlist)
3,5,hbo,0,aloc_sentences-bloc_words+cloc_jabsent-dloc_jabwords,-1.8235569854283702,3.3083316714698197,-0.55120138079088,156,0.582284231578608,0.8658237728506141,0.46631788570859095,Syntactic (Sentence v. Non Sentence)
3,5,hbo,0,aloc_sentences+bloc_words-cloc_jabsent-dloc_jabwords,2.54933242242824,3.2548590727993703,0.7832389560988471,156,0.434674263490371,0.7937530028954591,0.41095121773660204,Semantic (Words v. Non Words)
3,5,hbr,0,aloc_sentences+bloc_words+cloc_jabsent+dloc_jabwords,1.4253174194619298,1.9725013050163898,0.722593904418273,156,0.471011298447435,0.7994752048323579,0.423132005036887,Localizer v. Not (Baseline)
3,5,hbr,0,aloc_sentences-dloc_jabwords,-0.334315766896711,1.3104149341148301,-0.255122067211892,156,0.7989648577763641,0.953610095385023,0.599084468063341,Federonko Contrast (Sent v. Wordlist)
3,5,hbr,0,aloc_sentences-bloc_words+cloc_jabsent-dloc_jabwords,-1.0007430258238998,1.8839902770068002,-0.5311826913532911,156,0.596047669552941,0.870747899868644,0.47244805012965096,Syntactic (Sentence v. Non Sentence)
3,5,hbr,0,aloc_sentences+bloc_words-cloc_jabsent-dloc_jabwords,0.332111492030481,1.86521798155553,0.178055055931592,156,0.8589107432279691,0.9640092244581809,0.660022883717904,Semantic (Words v. Non Words)
3,6,hbo,0,aloc_sentences+bloc_words+cloc_jabsent+dloc_jabwords,4.4503764883753805,4.51319175295587,0.9860818533714292,156,0.32561987583632396,0.747211047498623,0.378184464905736,Localizer v. Not (Baseline)
3,6,hbo,0,aloc_sentences-dloc_jabwords,1.1685461411251001,2.4245714305221098,0.481959873986248,156,0.630509929417655,0.9049052500542809,0.48877127153053795,Federonko Contrast (Sent v. Wordlist)
3,6,hbo,0,aloc_sentences-bloc_words+cloc_jabsent-dloc_jabwords,3.0376855793932402,3.4779808659964595,0.8734049140672671,156,0.383784884361659,0.7828569345750931,0.39505379614729097,Syntactic (Sentence v. Non Sentence)
3,6,hbo,0,aloc_sentences+bloc_words-cloc_jabsent-dloc_jabwords,-0.70059329714305,3.4314207484561403,-0.204170035825032,156,0.838486741933925,0.9550221874230459,0.637208326110731,Semantic (Words v. Non Words)
3,6,hbr,0,aloc_sentences+bloc_words+cloc_jabsent+dloc_jabwords,3.8135084062709304,2.47034758848021,1.5437132912203002,156,0.124683951889451,0.47606599812336,0.324336085403435,Localizer v. Not (Baseline)
3,6,hbr,0,aloc_sentences-dloc_jabwords,0.512942225405586,1.5187326612669099,0.33774359272532894,156,0.736010468813177,0.940302347989458,0.5501749260818339,Federonko Contrast (Sent v. Wordlist)
3,6,hbr,0,aloc_sentences-bloc_words+cloc_jabsent-dloc_jabwords,3.22878478977246,2.18950000831064,1.4746676307453899,156,0.14231719790187697,0.51456790177584,0.32919407566776504,Syntactic (Sentence v. Non Sentence)
3,6,hbr,0,aloc_sentences+bloc_words-cloc_jabsent-dloc_jabwords,-2.2029003389612796,2.2160736636834,-0.9940555564835211,156,0.321735203876592,0.747211047498623,0.37709742789220196,Semantic (Words v. Non Words)
4,3,hbo,0,aloc_sentences+bloc_words+cloc_jabsent+dloc_jabwords,-0.29654399965544803,2.5914223625956603,-0.11443290909877699,156,0.909041777211792,0.965037583828772,0.729083572187417,Localizer v. Not (Baseline)
4,3,hbo,0,aloc_sentences-dloc_jabwords,2.73769105806885,1.14842947351451,2.38385649376515,156,0.0183344772211627,0.17112178739751802,0.45433173326399395,Federonko Contrast (Sent v. Wordlist)
4,3,hbo,0,aloc_sentences-bloc_words+cloc_jabsent-dloc_jabwords,0.291251526428021,1.6132304546491398,0.18053931822863198,156,0.856963515883335,0.9640092244581809,0.657738893116169,Syntactic (Sentence v. Non Sentence)
4,3,hbo,0,aloc_sentences+bloc_words-cloc_jabsent-dloc_jabwords,5.18413058970968,1.7176531777008701,3.01814746830836,156,0.00297134018680361,0.05546501682033401,0.697878442604686,Semantic (Words v. Non Words)
4,3,hbr,0,aloc_sentences+bloc_words+cloc_jabsent+dloc_jabwords,-0.9136060764995401,1.29975695537978,-0.7029053183505329,156,0.48316238288314395,0.7994752048323579,0.427385002333835,Localizer v. Not (Baseline)
4,3,hbr,0,aloc_sentences-dloc_jabwords,1.00514073379334,0.764996991704729,1.31391462279279,156,0.19080380998253302,0.562369124159045,0.342103507941284,Federonko Contrast (Sent v. Wordlist)
4,3,hbr,0,aloc_sentences-bloc_words+cloc_jabsent-dloc_jabwords,0.46588490954431705,1.1010173468954598,0.42314038998383796,156,0.672775589484098,0.9140331326395129,0.511008559172246,Syntactic (Sentence v. Non Sentence)
4,3,hbr,0,aloc_sentences+bloc_words-cloc_jabsent-dloc_jabwords,1.5443965580423602,1.1069535242490098,1.3951774164052,156,0.164945408054895,0.543349579474949,0.335274655991438,Semantic (Words v. Non Words)
4,4,hbo,0,aloc_sentences+bloc_words+cloc_jabsent+dloc_jabwords,-3.0581040836099906,2.4436138617611096,-1.2514678081773603,156,0.212637227784506,0.59920299567964,0.347829498730562,Localizer v. Not (Baseline)
4,4,hbo,0,aloc_sentences-dloc_jabwords,-0.232020183290242,1.23859823817041,-0.187324812953851,156,0.8516493856946831,0.9640092244581809,0.651627503685963,Federonko Contrast (Sent v. Wordlist)
4,4,hbo,0,aloc_sentences-bloc_words+cloc_jabsent-dloc_jabwords,0.9987083464673421,1.8370897082578999,0.543636133814287,156,0.587467936059084,0.8680216281736178,0.46860241744647796,Syntactic (Sentence v. Non Sentence)
4,4,hbo,0,aloc_sentences+bloc_words-cloc_jabsent-dloc_jabwords,-1.4627487130478303,1.79996747126073,-0.8126528597893441,156,0.417655554297845,0.788383518225146,0.405496568462897,Semantic (Words v. Non Words)
4,4,hbr,0,aloc_sentences+bloc_words+cloc_jabsent+dloc_jabwords,1.9900678471958402,1.1630261963817499,1.7111117990180098,156,0.0890480770037858,0.40506249299384994,0.31394604124808195,Localizer v. Not (Baseline)
4,4,hbr,0,aloc_sentences-dloc_jabwords,-0.30857868750719,0.705327511520076,-0.43749702438539706,156,0.6623560180166689,0.9049052500542809,0.505272358448937,Federonko Contrast (Sent v. Wordlist)
4,4,hbr,0,aloc_sentences-bloc_words+cloc_jabsent-dloc_jabwords,0.00165842233447544,1.0180883736725501,0.0016289571488701,156,0.998702362020168,0.998702362020168,0.986048815830365,Syntactic (Sentence v. Non Sentence)
4,4,hbr,0,aloc_sentences+bloc_words-cloc_jabsent-dloc_jabwords,-0.618815797348856,1.0168133997663,-0.608583440669727,156,0.5436857145081561,0.8337627545989751,0.45015597149516606,Semantic (Words v. Non Words)
4,7,hbo,0,aloc_sentences+bloc_words+cloc_jabsent+dloc_jabwords,-4.2533369816189905,3.3865604058495293,-1.2559459959055501,156,0.211013288739594,0.59920299567964,0.34740386610684,Localizer v. Not (Baseline)
4,7,hbo,0,aloc_sentences-dloc_jabwords,-2.02515175061331,1.90341423036895,-1.06395744988245,156,0.288992092046874,0.7046769066357529,0.36809213333389706,Federonko Contrast (Sent v. Wordlist)
4,7,hbo,0,aloc_sentences-bloc_words+cloc_jabsent-dloc_jabwords,-3.6655965723161805,2.6595144363228598,-1.37829542199604,156,0.17008563932888698,0.554842473927243,0.33663955720955896,Syntactic (Sentence v. Non Sentence)
4,7,hbo,0,aloc_sentences+bloc_words-cloc_jabsent-dloc_jabwords,-0.38470692891043,2.62835959628489,-0.146367692401832,156,0.883820102736787,0.9640092244581809,0.6916082424223872,Semantic (Words v. Non Words)
4,7,hbr,0,aloc_sentences+bloc_words+cloc_jabsent+dloc_jabwords,-0.149871085914487,1.8414060704306598,-0.0813894818319113,156,0.935236541488012,0.9768156412099771,0.776256060238745,Localizer v. Not (Baseline)
4,7,hbr,0,aloc_sentences-dloc_jabwords,1.55127099485507,1.02071254516273,1.51979222966027,156,0.130587388702883,0.4875262511574289,0.32597748362246304,Federonko Contrast (Sent v. Wordlist)
4,7,hbr,0,aloc_sentences-bloc_words+cloc_jabsent-dloc_jabwords,2.8976358968385,1.4835870892681,1.9531282779415402,156,0.052593773202412,0.30468116889673197,0.30168510497906603,Syntactic (Sentence v. Non Sentence)
4,7,hbr,0,aloc_sentences+bloc_words-cloc_jabsent-dloc_jabwords,0.20490609287165001,1.43379326688106,0.142911881095232,156,0.886544197492792,0.9640092244581809,0.695359656495796,Semantic (Words v. Non Words)
5,5,hbo,0,aloc_sentences+bloc_words+cloc_jabsent+dloc_jabwords,-4.73770878967274,4.86499019620742,-0.973837273786511,156,0.331644964914716,0.747211047498623,0.379879169371159,Localizer v. Not (Baseline)
5,5,hbo,0,aloc_sentences-dloc_jabwords,-2.4746470994916803,2.3479143944232,-1.0539767145554801,156,0.29352327068207396,0.7047575022590341,0.36932305280889505,Federonko Contrast (Sent v. Wordlist)
5,5,hbo,0,aloc_sentences-bloc_words+cloc_jabsent-dloc_jabwords,-7.23123641537046,3.34511456292027,-2.16173057136125,156,0.0321635963120995,0.225145174184696,0.36827308028479905,Syntactic (Sentence v. Non Sentence)
5,5,hbo,0,aloc_sentences+bloc_words-cloc_jabsent-dloc_jabwords,2.28194221638711,3.3503671099090497,0.681102142400465,156,0.49681663810659704,0.7994752048323579,0.432282241704975,Semantic (Words v. Non Words)
5,5,hbr,0,aloc_sentences+bloc_words+cloc_jabsent+dloc_jabwords,-2.22485375891114,1.9116462550725701,-1.16384176884581,156,0.24626508375776998,0.65670689002072,0.35666984636804,Localizer v. Not (Baseline)
5,5,hbr,0,aloc_sentences-dloc_jabwords,0.082880629709477,1.03235446205236,0.0802831127834786,156,0.936114989492895,0.9768156412099771,0.7780285854244571,Federonko Contrast (Sent v. Wordlist)
5,5,hbr,0,aloc_sentences-bloc_words+cloc_jabsent-dloc_jabwords,1.15697336220385,1.4597113029487698,0.7926042361024721,156,0.4292121602943689,0.7937530028954591,0.40918429240613696,Syntactic (Sentence v. Non Sentence)
5,5,hbr,0,aloc_sentences+bloc_words-cloc_jabsent-dloc_jabwords,-0.991212102784898,1.4659596550264697,-0.6761523752623341,156,0.499945107674238,0.7994752048323579,0.43342268918352095,Semantic (Words v. Non Words)
5,6,hbo,0,aloc_sentences+bloc_words+cloc_jabsent+dloc_jabwords,3.8633707030275,4.2516626075184,0.9086729262561279,156,0.364924461490823,0.7795050376858109,0.38945067243474996,Localizer v. Not (Baseline)
5,6,hbo,0,aloc_sentences-dloc_jabwords,5.68151913017831,2.4969838407189,2.2753527826365696,156,0.0242463773405522,0.20002414967130802,0.411753493476969,Federonko Contrast (Sent v. Wordlist)
5,6,hbo,0,aloc_sentences-bloc_words+cloc_jabsent-dloc_jabwords,6.650872629199441,3.5701372178625204,1.8629179281745902,156,0.0643540788014581,0.34322175360777696,0.305928322858302,Syntactic (Sentence v. Non Sentence)
5,6,hbo,0,aloc_sentences+bloc_words-cloc_jabsent-dloc_jabwords,4.71216563115719,3.45065256270457,1.36558681163306,156,0.174034456964677,0.555525753888499,0.33768509497448196,Semantic (Words v. Non Words)
5,6,hbr,0,aloc_sentences+bloc_words+cloc_jabsent+dloc_jabwords,-1.1753344734637199,1.94670090686714,-0.603757089400658,156,0.54688208119442,0.8337627545989751,0.451441028044627,Localizer v. Not (Baseline)
5,6,hbr,0,aloc_sentences-dloc_jabwords,3.44225067580322,1.2341730453804298,2.78911509912466,156,0.0059439198893732,0.0768137339549767,0.6140286222722939,Federonko Contrast (Sent v. Wordlist)
5,6,hbr,0,aloc_sentences-bloc_words+cloc_jabsent-dloc_jabwords,2.2258131032185804,1.75763429396366,1.26636872690913,156,0.20726876774192102,0.596361880584278,0.346422468715609,Syntactic (Sentence v. Non Sentence)
5,6,hbr,0,aloc_sentences+bloc_words-cloc_jabsent-dloc_jabwords,4.65868824838786,1.76174436116092,2.6443610952260803,156,0.00902109226723052,0.108209206073641,0.557782753615489,Semantic (Words v. Non Words)
6,4,hbo,0,aloc_sentences+bloc_words+cloc_jabsent+dloc_jabwords,-3.3936675139489503,3.40670813645498,-0.996172075216398,156,0.32070921800741603,0.747211047498623,0.37681104565227397,Localizer v. Not (Baseline)
6,4,hbo,0,aloc_sentences-dloc_jabwords,-3.0532606299975003,1.82417406463254,-1.67377702007431,156,0.0961783301400571,0.4086412142915539,0.316109572219174,Federonko Contrast (Sent v. Wordlist)
6,4,hbo,0,aloc_sentences-bloc_words+cloc_jabsent-dloc_jabwords,-4.43009542903678,2.65560732867154,-1.66820424887625,156,0.0972811527740147,0.4086412142915539,0.31643962134384995,Syntactic (Sentence v. Non Sentence)
6,4,hbo,0,aloc_sentences+bloc_words-cloc_jabsent-dloc_jabwords,-1.67642583095822,2.5912393147685298,-0.646959090734533,156,0.518609221305836,0.813291267902157,0.440376837186318,Semantic (Words v. Non Words)
6,4,hbr,0,aloc_sentences+bloc_words+cloc_jabsent+dloc_jabwords,0.762058489443887,2.10046393056248,0.362804844375412,156,0.717241761681617,0.930475798938314,0.5376831547929389,Localizer v. Not (Baseline)
6,4,hbr,0,aloc_sentences-dloc_jabwords,2.3815737975683997,1.2585700135149198,1.89228550815157,156,0.0603056013754905,0.332175115773193,0.30450772344978494,Federonko Contrast (Sent v. Wordlist)
6,4,hbr,0,aloc_sentences-bloc_words+cloc_jabsent-dloc_jabwords,3.8839183301625297,1.78622622172825,2.17437090717696,156,0.0311842112960162,0.222933936073648,0.37303810133827003,Syntactic (Sentence v. Non Sentence)
6,4,hbr,0,aloc_sentences+bloc_words-cloc_jabsent-dloc_jabwords,0.8792292649742751,1.7866813560285202,0.49210188599529997,156,0.6233391088842131,0.902766985280585,0.485252108761456,Semantic (Words v. Non Words)
6,6,hbo,0,aloc_sentences+bloc_words+cloc_jabsent+dloc_jabwords,-5.22777213726322,3.1801680578120797,-1.64386662661465,156,0.10221759778305302,0.418842839696414,0.317903391059774,Localizer v. Not (Baseline)
6,6,hbo,0,aloc_sentences-dloc_jabwords,-1.35296472382783,1.79103782056402,-0.755408237779016,156,0.45114311374939503,0.7978109801041929,0.416376881948632,Federonko Contrast (Sent v. Wordlist)
6,6,hbo,0,aloc_sentences-bloc_words+cloc_jabsent-dloc_jabwords,-1.80817117546752,2.5529012059724705,-0.7082809045792049,156,0.47982780693072796,0.7994752048323579,0.426208266709231,Syntactic (Sentence v. Non Sentence)
6,6,hbo,0,aloc_sentences+bloc_words-cloc_jabsent-dloc_jabwords,-0.8977582721881441,2.39406742772868,-0.374992893596098,156,0.708175072915487,0.9258631303486529,0.531929316676585,Semantic (Words v. Non Words)
6,6,hbr,0,aloc_sentences+bloc_words+cloc_jabsent+dloc_jabwords,2.82453455602589,1.63694282649255,1.7254937132275803,156,0.0864187344040877,0.403287427219076,0.313134129237744,Localizer v. Not (Baseline)
6,6,hbr,0,aloc_sentences-dloc_jabwords,1.25670206000832,0.922890468790893,1.36170228483859,156,0.175255148548157,0.555525753888499,0.338007828693663,Federonko Contrast (Sent v. Wordlist)
6,6,hbr,0,aloc_sentences-bloc_words+cloc_jabsent-dloc_jabwords,0.0262150168172713,1.38961271430939,0.0188649805426541,156,0.9849729227630791,0.997403577029948,0.9128084388530742,Syntactic (Sentence v. Non Sentence)
6,6,hbr,0,aloc_sentences+bloc_words-cloc_jabsent-dloc_jabwords,2.4871891031993703,1.3326077388236102,1.86640751868588,156,0.0638614615773988,0.34322175360777696,0.305757460472885,Semantic (Words v. Non Words)
6,7,hbo,0,aloc_sentences+bloc_words+cloc_jabsent+dloc_jabwords,4.641400709911999,3.14026206950598,1.4780297335636698,156,0.14141599416128398,0.51456790177584,0.32894880541029803,Localizer v. Not (Baseline)
6,7,hbo,0,aloc_sentences-dloc_jabwords,-0.35502319017147704,1.62882354141893,-0.21796295371701502,156,0.8277428260800959,0.9540865052711821,0.626130621469021,Federonko Contrast (Sent v. Wordlist)
6,7,hbo,0,aloc_sentences-bloc_words+cloc_jabsent-dloc_jabwords,0.31897328981545603,2.4112210254925297,0.132287038991086,156,0.8949277302358041,0.965037583828772,0.707327420128585,Syntactic (Sentence v. Non Sentence)
6,7,hbo,0,aloc_sentences+bloc_words-cloc_jabsent-dloc_jabwords,-1.02901967015841,2.3177627605672697,-0.443971094740757,156,0.6576787009332911,0.9049052500542809,0.502754107087538,Semantic (Words v. Non Words)
6,7,hbr,0,aloc_sentences+bloc_words+cloc_jabsent+dloc_jabwords,0.39949779792689705,1.9387522184247898,0.206059234455181,156,0.8370133153667819,0.9550221874230459,0.6356539820535789,Localizer v. Not (Baseline)
6,7,hbr,0,aloc_sentences-dloc_jabwords,-1.11534922268399,1.04923834091881,-1.06300845021284,156,0.28942087236825603,0.7046769066357529,0.36820842409191207,Federonko Contrast (Sent v. Wordlist)
6,7,hbr,0,aloc_sentences-bloc_words+cloc_jabsent-dloc_jabwords,-0.0709814634288738,1.51278274917305,-0.0469211216664623,156,0.962636107545113,0.992164822500484,0.8398973438296721,Syntactic (Sentence v. Non Sentence)
6,7,hbr,0,aloc_sentences+bloc_words-cloc_jabsent-dloc_jabwords,-2.15971698193911,1.51000717551116,-1.4302693503479698,156,0.15463959300558,0.530192890304844,0.33252192339860304,Semantic (Words v. Non Words)
7,3,hbo,0,aloc_sentences+bloc_words+cloc_jabsent+dloc_jabwords,0.0938186809391272,2.8985340293668997,0.0323676313572965,156,0.974220250818041,0.994948341260978,0.8741299681858492,Localizer v. Not (Baseline)
7,3,hbo,0,aloc_sentences-dloc_jabwords,0.7523703803646691,1.25087810900463,0.601473776660269,156,0.548397526090397,0.8337627545989751,0.452053481233896,Federonko Contrast (Sent v. Wordlist)
7,3,hbo,0,aloc_sentences-bloc_words+cloc_jabsent-dloc_jabwords,2.0307259179025703,1.81118424726352,1.1212144324746398,156,0.263919569279717,0.682130579061421,0.361354036723541,Syntactic (Sentence v. Non Sentence)
7,3,hbo,0,aloc_sentences+bloc_words-cloc_jabsent-dloc_jabwords,-0.525985157173232,1.85492028266738,-0.28356213584384604,156,0.77712193209858,0.953610095385023,0.580716705690178,Semantic (Words v. Non Words)
7,3,hbr,0,aloc_sentences+bloc_words+cloc_jabsent+dloc_jabwords,-1.08848552937241,1.77248955019975,-0.614099828825363,156,0.540043884237308,0.8337627545989751,0.44870280105610705,Localizer v. Not (Baseline)
7,3,hbr,0,aloc_sentences-dloc_jabwords,0.0953038734282817,0.9981643835788649,0.0954791364991153,156,0.9240567996958101,0.9702596396806,0.7548712224384541,Federonko Contrast (Sent v. Wordlist)
7,3,hbr,0,aloc_sentences-bloc_words+cloc_jabsent-dloc_jabwords,0.8064000566569101,1.4353737918751899,0.5618049188451589,156,0.575055203574462,0.8658237728506141,0.46317928094906896,Syntactic (Sentence v. Non Sentence)
7,3,hbr,0,aloc_sentences+bloc_words-cloc_jabsent-dloc_jabwords,-0.615792309800347,1.47328595263428,-0.4179720228101621,156,0.6765423364632671,0.9140331326395129,0.513126655394207,Semantic (Words v. Non Words)
7,7,hbo,0,aloc_sentences+bloc_words+cloc_jabsent+dloc_jabwords,-2.3538630781000696,2.8605856457482304,-0.8228605501110201,156,0.411843355697447,0.788383518225146,0.40366697558232895,Localizer v. Not (Baseline)
7,7,hbo,0,aloc_sentences-dloc_jabwords,3.0689397791893196,1.4112262295288,2.1746618047299298,156,0.0311619798048166,0.222933936073648,0.37314799528353204,Federonko Contrast (Sent v. Wordlist)
7,7,hbo,0,aloc_sentences-bloc_words+cloc_jabsent-dloc_jabwords,4.335535426623521,2.06198620332479,2.1026015691243796,156,0.0371061822748865,0.25444239274207897,0.34626461501885697,Syntactic (Sentence v. Non Sentence)
7,7,hbo,0,aloc_sentences+bloc_words-cloc_jabsent-dloc_jabwords,1.80234413175512,2.03301756910431,0.886536427006476,156,0.376693168830261,0.7795050376858109,0.3929304549783161,Semantic (Words v. Non Words)
7,7,hbr,0,aloc_sentences+bloc_words+cloc_jabsent+dloc_jabwords,-0.733130489910939,1.92342897675323,-0.38115807694052295,156,0.703604553472131,0.9258631303486529,0.5290936638381121,Localizer v. Not (Baseline)
7,7,hbr,0,aloc_sentences-dloc_jabwords,1.4245536227595401,0.987536756019977,1.4425322541926,156,0.15115705678784197,0.5235955781517021,0.33158591627783,Federonko Contrast (Sent v. Wordlist)
7,7,hbr,0,aloc_sentences-bloc_words+cloc_jabsent-dloc_jabwords,0.406143587250508,1.40328400200138,0.289423656701894,156,0.7726414861778299,0.953610095385023,0.577148689343856,Syntactic (Sentence v. Non Sentence)
7,7,hbr,0,aloc_sentences+bloc_words-cloc_jabsent-dloc_jabwords,2.4429636582685696,1.4313142995928299,1.7067974930199,156,0.0898493991122478,0.40506249299384994,0.314191895620635,Semantic (Words v. Non Words)
8,8,hbo,0,aloc_sentences+bloc_words+cloc_jabsent+dloc_jabwords,-2.11220355907825,4.532362555215,-0.466027051752053,156,0.641846178824157,0.9049052500542809,0.49447668320433297,Localizer v. Not (Baseline)
8,8,hbo,0,aloc_sentences-dloc_jabwords,3.8804300915873804,2.23129377560783,1.73909421251816,156,0.0839908296790003,0.39820511960887395,0.312376997813315,Federonko Contrast (Sent v. Wordlist)
8,8,hbo,0,aloc_sentences-bloc_words+cloc_jabsent-dloc_jabwords,6.02902846395146,3.2826605946100598,1.8366286401496301,156,0.0681679688248407,0.351025994469408,0.30723384961910305,Syntactic (Sentence v. Non Sentence)
8,8,hbo,0,aloc_sentences+bloc_words-cloc_jabsent-dloc_jabwords,1.7318317192232902,3.12076986001172,0.554937338191542,156,0.579732333929687,0.8658237728506141,0.465203718353579,Semantic (Words v. Non Words)
8,8,hbr,0,aloc_sentences+bloc_words+cloc_jabsent+dloc_jabwords,-0.42928220655016996,2.41124589029381,-0.17803335955001298,156,0.85892775323368,0.9640092244581809,0.660042943586567,Localizer v. Not (Baseline)
8,8,hbr,0,aloc_sentences-dloc_jabwords,1.72841058168845,1.3852484055166001,1.2477260936054801,156,0.214001069885586,0.59920299567964,0.34818698319656,Federonko Contrast (Sent v. Wordlist)
8,8,hbr,0,aloc_sentences-bloc_words+cloc_jabsent-dloc_jabwords,1.39612101761283,1.9126376095851698,0.729945396146231,156,0.46651824912013595,0.7994752048323579,0.421583328651079,Syntactic (Sentence v. Non Sentence)
8,8,hbr,0,aloc_sentences+bloc_words-cloc_jabsent-dloc_jabwords,2.0607001457640703,1.9114442546564099,1.07808540099669,156,0.282659849519654,0.7046769066357529,0.36637919432484606,Semantic (Words v. Non Words)
9,1,hbo,0,aloc_sentences+bloc_words+cloc_jabsent+dloc_jabwords,-7.0504934553671506,3.64569303683572,-1.93392405343227,156,0.0549326513099913,0.31283679390096697,0.30255901067531604,Localizer v. Not (Baseline)
9,1,hbo,0,aloc_sentences-dloc_jabwords,-4.27192169592444,1.65302430945226,-2.58430663814011,156,0.0106741280593172,0.115693775094535,0.5340271102702101,Federonko Contrast (Sent v. Wordlist)
9,1,hbo,0,aloc_sentences-bloc_words+cloc_jabsent-dloc_jabwords,-1.63482749730277,2.44374438273378,-0.6689846568461121,156,0.5044940632674311,0.7995754964993249,0.43509359220960797,Syntactic (Sentence v. Non Sentence)
9,1,hbo,0,aloc_sentences+bloc_words-cloc_jabsent-dloc_jabwords,-6.90901589454611,2.27372779901858,-3.0386292930615,156,0.00278721257556293,0.0550884367875968,0.704963112416187,Semantic (Words v. Non Words)
9,1,hbr,0,aloc_sentences+bloc_words+cloc_jabsent+dloc_jabwords,0.894512484912907,2.74664322428537,0.325674800790935,156,0.745106834644756,0.9483177895478709,0.55653354804743,Localizer v. Not (Baseline)
9,1,hbr,0,aloc_sentences-dloc_jabwords,1.34732310689459,1.62024816486251,0.831553546001961,156,0.40693201574717497,0.78580068887429,0.402133578760714,Federonko Contrast (Sent v. Wordlist)
9,1,hbr,0,aloc_sentences-bloc_words+cloc_jabsent-dloc_jabwords,0.349026432785588,2.30217448043878,0.151607289434928,156,0.8796925669142241,0.9640092244581809,0.68604473245253,Syntactic (Sentence v. Non Sentence)
9,1,hbr,0,aloc_sentences+bloc_words-cloc_jabsent-dloc_jabwords,2.34561978100359,2.2589451198884603,1.03836952936661,156,0.300704815681888,0.7165731777951371,0.371283379805969,Semantic (Words v. Non Words)
9,3,hbo,0,aloc_sentences+bloc_words+cloc_jabsent+dloc_jabwords,-2.82004463023004,3.1907406850342,-0.883821315676683,156,0.37815274149639005,0.7795050376858109,0.39336580234901203,Localizer v. Not (Baseline)
9,3,hbo,0,aloc_sentences-dloc_jabwords,5.996988796564731,1.5607252856151899,3.84243713601456,156,0.000176879226750955,0.00660349113203565,0.909483773841171,Federonko Contrast (Sent v. Wordlist)
9,3,hbo,0,aloc_sentences-bloc_words+cloc_jabsent-dloc_jabwords,9.02215814666066,2.2027744247645695,4.09581573366276,156,6.73807221851028e-05,0.0032342746648849397,0.9438472894309481,Syntactic (Sentence v. Non Sentence)
9,3,hbo,0,aloc_sentences+bloc_words-cloc_jabsent-dloc_jabwords,2.9718194464687997,2.2431043754763,1.32486899805443,156,0.187151998366821,0.5564873579756789,0.34114367749468105,Semantic (Words v. Non Words)
9,3,hbr,0,aloc_sentences+bloc_words+cloc_jabsent+dloc_jabwords,1.27292943654738,1.51115470652652,0.8423554723085099,156,0.4008785763076071,0.78580068887429,0.400259069163834,Localizer v. Not (Baseline)
9,3,hbr,0,aloc_sentences-dloc_jabwords,-0.7042912616474009,0.8074864963889841,-0.8722019065296271,156,0.38443867322884,0.7828569345750931,0.395250585647185,Federonko Contrast (Sent v. Wordlist)
9,3,hbr,0,aloc_sentences-bloc_words+cloc_jabsent-dloc_jabwords,-0.892979111095123,1.17705091221356,-0.7586580171080161,156,0.449201858108314,0.7978109801041929,0.41572942511441296,Syntactic (Sentence v. Non Sentence)
9,3,hbr,0,aloc_sentences+bloc_words-cloc_jabsent-dloc_jabwords,-0.515603412199678,1.17914062067787,-0.437270502905128,156,0.662519915218313,0.9049052500542809,0.505361225596786,Semantic (Words v. Non Words)
9,10,hbo,0,aloc_sentences+bloc_words+cloc_jabsent+dloc_jabwords,1.72577544596704,3.55998839389391,0.48476996411760503,156,0.628519519351799,0.9049052500542809,0.48778763358355703,Localizer v. Not (Baseline)
9,10,hbo,0,aloc_sentences-dloc_jabwords,4.57450436755705,1.5637167998311299,2.9254046308456005,156,0.00395370386377426,0.0599408900224362,0.664879407133979,Federonko Contrast (Sent v. Wordlist)
9,10,hbo,0,aloc_sentences-bloc_words+cloc_jabsent-dloc_jabwords,6.573471243455991,2.19145413822127,2.99959334252437,156,0.003147745003828,0.0556653853308531,0.691394789520816,Syntactic (Sentence v. Non Sentence)
9,10,hbo,0,aloc_sentences+bloc_words-cloc_jabsent-dloc_jabwords,2.5755374916581,2.1702311861510397,1.1867572026858,156,0.23712752770837803,0.6420042616457671,0.354259785569614,Semantic (Words v. Non Words)
9,10,hbr,0,aloc_sentences+bloc_words+cloc_jabsent+dloc_jabwords,0.44977729183417,1.7467153520498602,0.257498905764086,156,0.7971330084755859,0.953610095385023,0.5974781322575411,Localizer v. Not (Baseline)
9,10,hbr,0,aloc_sentences-dloc_jabwords,1.57964555570028,1.08899212294379,1.45055737541071,156,0.14891087345718,0.5235955781517021,0.330980424564606,Federonko Contrast (Sent v. Wordlist)
9,10,hbr,0,aloc_sentences-bloc_words+cloc_jabsent-dloc_jabwords,2.4739461055467595,1.55509069569011,1.59086933797703,156,0.11366342710820901,0.454653708432834,0.321222114647502,Syntactic (Sentence v. Non Sentence)
9,10,hbr,0,aloc_sentences+bloc_words-cloc_jabsent-dloc_jabwords,0.6853450058538011,1.5456609308328,0.443399320111261,156,0.658091249612666,0.9049052500542809,0.502974845984601,Semantic (Words v. Non Words)
10,1,hbo,0,aloc_sentences+bloc_words+cloc_jabsent+dloc_jabwords,-3.82512295998924,3.4992081318508195,-1.09313959497632,156,0.276017678577414,0.703638342293168,0.36459093628189704,Localizer v. Not (Baseline)
10,1,hbo,0,aloc_sentences-dloc_jabwords,3.5036240735945294,1.77438808404768,1.9745534277947598,156,0.0500841584516805,0.295253616009781,0.30072800584176895,Federonko Contrast (Sent v. Wordlist)
10,1,hbo,0,aloc_sentences-bloc_words+cloc_jabsent-dloc_jabwords,6.396353635108991,2.64084422351883,2.4220866865771002,156,0.0165779322299664,0.159148149407678,0.469487553965632,Syntactic (Sentence v. Non Sentence)
10,1,hbo,0,aloc_sentences+bloc_words-cloc_jabsent-dloc_jabwords,0.6108945120800661,2.60585577326629,0.23443143643914896,156,0.814957458249119,0.9540865052711821,0.613673640213482,Semantic (Words v. Non Words)
10,1,hbr,0,aloc_sentences+bloc_words+cloc_jabsent+dloc_jabwords,0.423260349381554,1.9917142013407099,0.212510584649464,156,0.831986148941835,0.9540865052711821,0.630435877364125,Localizer v. Not (Baseline)
10,1,hbr,0,aloc_sentences-dloc_jabwords,2.2755345866291803,1.24444261145334,1.82855727189513,156,0.0693758972086744,0.351025994469408,0.307641273324669,Federonko Contrast (Sent v. Wordlist)
10,1,hbr,0,aloc_sentences-bloc_words+cloc_jabsent-dloc_jabwords,2.39018284503778,1.7799826097818798,1.34281247013456,156,0.18128324757737901,0.5564873579756789,0.33959871005503806,Syntactic (Sentence v. Non Sentence)
10,1,hbr,0,aloc_sentences+bloc_words-cloc_jabsent-dloc_jabwords,2.16088632822057,1.7889347362938601,1.20791792142026,156,0.228906854688466,0.625306529880687,0.352097715880235,Semantic (Words v. Non Words)
10,9,hbo,0,aloc_sentences+bloc_words+cloc_jabsent+dloc_jabwords,4.45701847449964,3.5225870755773196,1.26526850263004,156,0.207661726274883,0.596361880584278,0.34652546005956897,Localizer v. Not (Baseline)
10,9,hbo,0,aloc_sentences-dloc_jabwords,-5.0142637617748,1.70776094735675,-2.93616256393251,156,0.00382614720338868,0.0599408900224362,0.6687803200291479,Federonko Contrast (Sent v. Wordlist)
10,9,hbo,0,aloc_sentences-bloc_words+cloc_jabsent-dloc_jabwords,1.8941565301566599,2.43140463228607,0.779037970481994,156,0.437137508426805,0.7939362315211159,0.41175323853248,Syntactic (Sentence v. Non Sentence)
10,9,hbo,0,aloc_sentences+bloc_words-cloc_jabsent-dloc_jabwords,-11.9226840537063,2.4410083080665,-4.8843275192086795,156,2.5489540982847198e-06,0.000285482859007889,0.990865646170707,Semantic (Words v. Non Words)
10,9,hbr,0,aloc_sentences+bloc_words+cloc_jabsent+dloc_jabwords,0.295555770970892,1.8569322799328203,0.159163462321623,156,0.8737459656790021,0.9640092244581809,0.678272365240593,Localizer v. Not (Baseline)
10,9,hbr,0,aloc_sentences-dloc_jabwords,0.741792374263705,0.920451917270293,0.805900189184869,156,0.42152716265705603,0.790794084940431,0.406724492879856,Federonko Contrast (Sent v. Wordlist)
10,9,hbr,0,aloc_sentences-bloc_words+cloc_jabsent-dloc_jabwords,1.78820676777236,1.3318514591821102,1.3426473015770801,156,0.181336632842185,0.5564873579756789,0.339612779619723,Syntactic (Sentence v. Non Sentence)
10,9,hbr,0,aloc_sentences+bloc_words-cloc_jabsent-dloc_jabwords,-0.30462201924494503,1.33572874687824,-0.228056796678879,156,0.8199007347191709,0.9540865052711821,0.6184014093039351,Semantic (Words v. Non Words)
10,10,hbo,0,aloc_sentences+bloc_words+cloc_jabsent+dloc_jabwords,-3.47357759511384,4.06019588973834,-0.8555197063010891,156,0.393575574581215,0.78580068887429,0.3980196662370879,Localizer v. Not (Baseline)
10,10,hbo,0,aloc_sentences-dloc_jabwords,-1.38158235963054,2.05339232440511,-0.672829221776117,156,0.5020513935107961,0.7994752048323579,0.434194485134359,Federonko Contrast (Sent v. Wordlist)
10,10,hbo,0,aloc_sentences-bloc_words+cloc_jabsent-dloc_jabwords,-2.0303920190861597,2.90211816871054,-0.699624171399021,156,0.48520396657656,0.7994752048323579,0.428109117853246,Syntactic (Sentence v. Non Sentence)
10,10,hbo,0,aloc_sentences+bloc_words-cloc_jabsent-dloc_jabwords,-0.732772700174922,2.93524571906551,-0.249646118352304,156,0.8031894553391709,0.953610095385023,0.602838151599079,Semantic (Words v. Non Words)
10,10,hbr,0,aloc_sentences+bloc_words+cloc_jabsent+dloc_jabwords,-0.0898192146931312,2.41427309862278,-0.0372034194244092,156,0.9703703771653409,0.994948341260978,0.8620736793927479,Localizer v. Not (Baseline)
10,10,hbr,0,aloc_sentences-dloc_jabwords,0.480490957296255,1.5176621004245099,0.316599430902211,156,0.751970826833902,0.9498578865270341,0.561473362609513,Federonko Contrast (Sent v. Wordlist)
10,10,hbr,0,aloc_sentences-bloc_words+cloc_jabsent-dloc_jabwords,0.9451045257979499,2.13926610289435,0.44178913718085705,156,0.6592535986170971,0.9049052500542809,0.503598197688419,Syntactic (Sentence v. Non Sentence)
10,10,hbr,0,aloc_sentences+bloc_words-cloc_jabsent-dloc_jabwords,0.0158773887945592,2.13788211767643,0.00742669049115561,156,0.9940839016029909,0.998702362020168,0.9554426227188321,Semantic (Words v. Non Words)
10,11,hbo,0,aloc_sentences+bloc_words+cloc_jabsent+dloc_jabwords,-3.24475872222221,4.70999475486651,-0.688909200773445,156,0.49190372497397,0.7994752048323579,0.430505316597173,Localizer v. Not (Baseline)
10,11,hbo,0,aloc_sentences-dloc_jabwords,3.9040953430689704,2.4035398319916803,1.62431064844632,156,0.106328335598596,0.430437599531668,0.319106598511123,Federonko Contrast (Sent v. Wordlist)
10,11,hbo,0,aloc_sentences-bloc_words+cloc_jabsent-dloc_jabwords,-0.0652844721147301,3.4770856959757,-0.018775629312297,156,0.985044087887188,0.997403577029948,0.9130964389287041,Syntactic (Sentence v. Non Sentence)
10,11,hbo,0,aloc_sentences+bloc_words-cloc_jabsent-dloc_jabwords,7.87347515825266,3.4182670193676903,2.3033528725643797,156,0.0225795607642774,0.19965085307361102,0.422662049375313,Semantic (Words v. Non Words)
10,11,hbr,0,aloc_sentences+bloc_words+cloc_jabsent+dloc_jabwords,3.87351926955291,2.9104023767458904,1.3309222465258799,156,0.18515653843132998,0.5564873579756789,0.34061873581867796,Localizer v. Not (Baseline)
10,11,hbr,0,aloc_sentences-dloc_jabwords,-0.365038085256548,1.5623718903438701,-0.233643531039338,156,0.815568048803505,0.9540865052711821,0.6142517747775439,Federonko Contrast (Sent v. Wordlist)
10,11,hbr,0,aloc_sentences-bloc_words+cloc_jabsent-dloc_jabwords,2.0263422021698303,2.22528892804519,0.9105973505875841,156,0.363912426442557,0.7795050376858109,0.389153898620483,Syntactic (Sentence v. Non Sentence)
10,11,hbr,0,aloc_sentences+bloc_words-cloc_jabsent-dloc_jabwords,-2.7564183726829303,2.2442419198974197,-1.2282180224175299,156,0.221214950944044,0.614282838985114,0.350078547122663,Semantic (Words v. Non Words)
11,11,hbo,0,aloc_sentences+bloc_words+cloc_jabsent+dloc_jabwords,4.1917113831337405,3.24630306374344,1.29122614273115,156,0.198535328137029,0.580068436991667,0.344132841775164,Localizer v. Not (Baseline)
11,11,hbo,0,aloc_sentences-dloc_jabwords,0.663296892142525,1.63964558646326,0.404536747220639,156,0.6863721751449311,0.9208734547726691,0.5187702653951071,Federonko Contrast (Sent v. Wordlist)
11,11,hbo,0,aloc_sentences-bloc_words+cloc_jabsent-dloc_jabwords,1.66115601151301,2.32986010911864,0.7129853011395609,156,0.47692001126893296,0.7994752048323579,0.42518811876817303,Syntactic (Sentence v. Non Sentence)
11,11,hbo,0,aloc_sentences+bloc_words-cloc_jabsent-dloc_jabwords,-0.334562227227957,2.29757235185178,-0.14561553500515803,156,0.8844128850997479,0.9640092244581809,0.692419086754653,Semantic (Words v. Non Words)
11,11,hbr,0,aloc_sentences+bloc_words+cloc_jabsent+dloc_jabwords,-0.155714235320766,1.62946379685193,-0.0955616415790274,156,0.9239913766369731,0.9702596396806,0.7547520297465141,Localizer v. Not (Baseline)
11,11,hbr,0,aloc_sentences-dloc_jabwords,-0.741158314060235,1.00796049170724,-0.7353049253000942,156,0.46325783205617205,0.7994752048323579,0.42046736680276403,Federonko Contrast (Sent v. Wordlist)
11,11,hbr,0,aloc_sentences-bloc_words+cloc_jabsent-dloc_jabwords,3.0199742035759503,1.4519386441385502,2.07995993203124,156,0.0391647398654933,0.25802652146678,0.337969282372552,Syntactic (Sentence v. Non Sentence)
11,11,hbr,0,aloc_sentences+bloc_words-cloc_jabsent-dloc_jabwords,-4.50229083169642,1.44972836207863,-3.10560995388199,156,0.00225602993771131,0.0513779635152907,0.7275746689259979,Semantic (Words v. Non Words)
11,12,hbo,0,aloc_sentences+bloc_words+cloc_jabsent+dloc_jabwords,3.21851407255114,4.01195367192219,0.8022311162454441,156,0.423639688360945,0.790794084940431,0.407397666322441,Localizer v. Not (Baseline)
11,12,hbo,0,aloc_sentences-dloc_jabwords,-0.6307080262935489,2.49189635570851,-0.25310363524899604,156,0.8005213581881679,0.953610095385023,0.600459415432619,Federonko Contrast (Sent v. Wordlist)
11,12,hbo,0,aloc_sentences-bloc_words+cloc_jabsent-dloc_jabwords,2.7339813354083504,3.5801620783036805,0.7636473644522092,156,0.446230802908187,0.797518881793356,0.41474267199891607,Syntactic (Sentence v. Non Sentence)
11,12,hbo,0,aloc_sentences+bloc_words-cloc_jabsent-dloc_jabwords,-3.99539738799544,3.55897622654393,-1.12262547813513,156,0.263321415701366,0.682130579061421,0.361194619348775,Semantic (Words v. Non Words)
11,12,hbr,0,aloc_sentences+bloc_words+cloc_jabsent+dloc_jabwords,3.1143865138230495,1.8406541649724901,1.69199981891742,156,0.0926424842363005,0.4086412142915539,0.31504333406317797,Localizer v. Not (Baseline)
11,12,hbr,0,aloc_sentences-dloc_jabwords,1.09485907541512,1.20796149949673,0.906369181361552,156,0.36613830924799606,0.7795050376858109,0.38980713156394303,Federonko Contrast (Sent v. Wordlist)
11,12,hbr,0,aloc_sentences-bloc_words+cloc_jabsent-dloc_jabwords,0.21832290710646898,1.7462771191131201,0.12502191359945697,156,0.9006671658388771,0.965037583828772,0.715915687786442,Syntactic (Sentence v. Non Sentence)
11,12,hbr,0,aloc_sentences+bloc_words-cloc_jabsent-dloc_jabwords,1.9713952437237798,1.73535598834995,1.13601777212194,156,0.257691325270647,0.676439728835447,0.359696722927752,Semantic (Words v. Non Words)
11,13,hbo,0,aloc_sentences+bloc_words+cloc_jabsent+dloc_jabwords,5.275458483683259,3.96664858047978,1.32995358087536,156,0.18547478776723703,0.5564873579756789,0.340702480920614,Localizer v. Not (Baseline)
11,13,hbo,0,aloc_sentences-dloc_jabwords,-4.80083895101336,2.4143034508049,-1.98849856649661,156,0.0485057637555672,0.295253616009781,0.305295996608669,Federonko Contrast (Sent v. Wordlist)
11,13,hbo,0,aloc_sentences-bloc_words+cloc_jabsent-dloc_jabwords,0.74571079170276,3.4376887920624,0.21692213484379397,156,0.828552458663222,0.9540865052711821,0.6269452332328199,Syntactic (Sentence v. Non Sentence)
11,13,hbo,0,aloc_sentences+bloc_words-cloc_jabsent-dloc_jabwords,-10.3473886937295,3.46968749695558,-2.9822249706374504,156,0.0033215606908704397,0.0558022196066233,0.685270343685927,Semantic (Words v. Non Words)
11,13,hbr,0,aloc_sentences+bloc_words+cloc_jabsent+dloc_jabwords,5.587360644709821,2.12280610049678,2.63206358951119,156,0.00933948504802262,0.108209206073641,0.552932438245432,Localizer v. Not (Baseline)
11,13,hbr,0,aloc_sentences-dloc_jabwords,6.02787432246043,1.4139431497916397,4.2631659719478,156,3.4777639181837297e-05,0.00292132169127434,0.960176056944922,Federonko Contrast (Sent v. Wordlist)
11,13,hbr,0,aloc_sentences-bloc_words+cloc_jabsent-dloc_jabwords,5.46103919951172,2.02468769920655,2.6972254544006096,156,0.007760960448319641,0.0965808411346444,0.5785248061946171,Syntactic (Sentence v. Non Sentence)
11,13,hbr,0,aloc_sentences+bloc_words-cloc_jabsent-dloc_jabwords,6.59470944540914,2.0310044321841003,3.24701873659494,156,0.0014276996351381,0.0369005444158769,0.7722743744536958,Semantic (Words v. Non Words)
12,10,hbo,0,aloc_sentences+bloc_words+cloc_jabsent+dloc_jabwords,-1.16977357247702,3.00529486373603,-0.38923753758485297,156,0.6976312499227869,0.9258631303486529,0.525450723393303,Localizer v. Not (Baseline)
12,10,hbo,0,aloc_sentences-dloc_jabwords,5.97956729466558,1.4901527005777901,4.012721174378339,156,9.29193225866655e-05,0.00390261154863995,0.9339560724160141,Federonko Contrast (Sent v. Wordlist)
12,10,hbo,0,aloc_sentences-bloc_words+cloc_jabsent-dloc_jabwords,4.29285174356601,2.1262391955085,2.01898815177252,156,0.0452012013556952,0.286558559537992,0.31603165551908,Syntactic (Sentence v. Non Sentence)
12,10,hbo,0,aloc_sentences+bloc_words-cloc_jabsent-dloc_jabwords,7.666282845765151,2.16624460891354,3.5389737678839905,156,0.00052953726414971,0.0177924520754303,0.850062231428097,Semantic (Words v. Non Words)
12,10,hbr,0,aloc_sentences+bloc_words+cloc_jabsent+dloc_jabwords,0.6561011156875171,1.41907159412098,0.46234532380582793,156,0.644477898864136,0.9049052500542809,0.495827003313691,Localizer v. Not (Baseline)
12,10,hbr,0,aloc_sentences-dloc_jabwords,0.596051175402719,0.8834819434171879,0.6746614119777871,156,0.500889526152506,0.7994752048323579,0.43376834988147206,Federonko Contrast (Sent v. Wordlist)
12,10,hbr,0,aloc_sentences-bloc_words+cloc_jabsent-dloc_jabwords,1.47404573387949,1.28198051378497,1.14981914157764,156,0.251978034536385,0.6666505480647671,0.358181200905779,Syntactic (Sentence v. Non Sentence)
12,10,hbr,0,aloc_sentences+bloc_words-cloc_jabsent-dloc_jabwords,-0.28194338307404904,1.2741494701388998,-0.22127967689953398,156,0.825164048826687,0.9540865052711821,0.6235570500388671,Semantic (Words v. Non Words)
12,11,hbo,0,aloc_sentences+bloc_words+cloc_jabsent+dloc_jabwords,0.844522792343654,3.13987033658122,0.268967410056555,156,0.788310155393558,0.953610095385023,0.5899152623208721,Localizer v. Not (Baseline)
12,11,hbo,0,aloc_sentences-dloc_jabwords,4.90707925166574,1.87661605569911,2.6148552000092997,156,0.00980201954987467,0.10978261895859599,0.5461319182018,Federonko Contrast (Sent v. Wordlist)
12,11,hbo,0,aloc_sentences-bloc_words+cloc_jabsent-dloc_jabwords,2.91994478362298,2.73129589903636,1.06906936910541,156,0.286689842604807,0.7046769066357529,0.36746839604094395,Syntactic (Sentence v. Non Sentence)
12,11,hbo,0,aloc_sentences+bloc_words-cloc_jabsent-dloc_jabwords,6.8942137197085,2.6898184154700298,2.5630777453443,156,0.0113205619116722,0.11886590007255803,0.525595754529278,Semantic (Words v. Non Words)
12,11,hbr,0,aloc_sentences+bloc_words+cloc_jabsent+dloc_jabwords,1.54495307823867,1.5928448916576001,0.969933159424527,156,0.333581232773128,0.747211047498623,0.38042610770060703,Localizer v. Not (Baseline)
12,11,hbr,0,aloc_sentences-dloc_jabwords,-0.0874916189878561,0.872428996010855,-0.100285088400211,156,0.9202467613622209,0.9702596396806,0.748035500714572,Federonko Contrast (Sent v. Wordlist)
12,11,hbr,0,aloc_sentences-bloc_words+cloc_jabsent-dloc_jabwords,0.42850751995309794,1.2607001530871598,0.339896460632438,156,0.734391708560178,0.940302347989458,0.549064956578084,Syntactic (Sentence v. Non Sentence)
12,11,hbr,0,aloc_sentences+bloc_words-cloc_jabsent-dloc_jabwords,-0.60349075792881,1.27677201267989,-0.47266916249370894,156,0.63710984786951,0.9049052500542809,0.49207127556648406,Semantic (Words v. Non Words)
12,14,hbo,0,aloc_sentences+bloc_words+cloc_jabsent+dloc_jabwords,-1.93468776240504,3.8736998915668304,-0.49944182991999897,156,0.618171809010465,0.899158994924313,0.48275764232320206,Localizer v. Not (Baseline)
12,14,hbo,0,aloc_sentences-dloc_jabwords,5.831994063717099,2.07808201631914,2.80643113116737,156,0.00564836614795111,0.0759140410284629,0.6206220989466221,Federonko Contrast (Sent v. Wordlist)
12,14,hbo,0,aloc_sentences-bloc_words+cloc_jabsent-dloc_jabwords,4.89425512326219,3.14818699444494,1.55462656185869,156,0.122061441692388,0.47606599812336,0.323601314161686,Syntactic (Sentence v. Non Sentence)
12,14,hbo,0,aloc_sentences+bloc_words-cloc_jabsent-dloc_jabwords,6.76973300417202,2.97192717928031,2.2778932981162003,156,0.0240908220453681,0.20002414967130802,0.4127405519420829,Semantic (Words v. Non Words)
12,14,hbr,0,aloc_sentences+bloc_words+cloc_jabsent+dloc_jabwords,0.6442024417076021,2.11727916322535,0.304259567135332,156,0.761335628760568,0.953610095385023,0.568420829131104,Localizer v. Not (Baseline)
12,14,hbr,0,aloc_sentences-dloc_jabwords,-1.05565765820822,1.2618566259811101,-0.836590811089521,156,0.40410229115571,0.78580068887429,0.40125522695804605,Federonko Contrast (Sent v. Wordlist)
12,14,hbr,0,aloc_sentences-bloc_words+cloc_jabsent-dloc_jabwords,0.45497397238267695,1.8114980463696202,0.251158963872183,156,0.8020217355035829,0.953610095385023,0.601793649795845,Syntactic (Sentence v. Non Sentence)
12,14,hbr,0,aloc_sentences+bloc_words-cloc_jabsent-dloc_jabwords,-2.56628928879911,1.82675158106881,-1.40483759006663,156,0.162057670192094,0.53912254638162,0.334505674131643,Semantic (Words v. Non Words)
13,12,hbo,0,aloc_sentences+bloc_words+cloc_jabsent+dloc_jabwords,7.01757596405784,4.11885853508888,1.7037671734230602,156,0.0904157350432701,0.40506249299384994,0.314365221075772,Localizer v. Not (Baseline)
13,12,hbo,0,aloc_sentences-dloc_jabwords,-9.63370236707408,1.91551151901986,-5.029310589582621,156,1.33849302792843e-06,0.000224866828691977,0.9938036744735791,Federonko Contrast (Sent v. Wordlist)
13,12,hbo,0,aloc_sentences-bloc_words+cloc_jabsent-dloc_jabwords,-7.78399130645601,2.6890425867195202,-2.8947073374364196,156,0.0043394157820554205,0.0607518209487758,0.653650411870683,Syntactic (Sentence v. Non Sentence)
13,12,hbo,0,aloc_sentences+bloc_words-cloc_jabsent-dloc_jabwords,-11.483413427692199,2.8003499389279,-4.1007065824382405,156,6.61084761335964e-05,0.0032342746648849397,0.9443905807407551,Semantic (Words v. Non Words)
13,12,hbr,0,aloc_sentences+bloc_words+cloc_jabsent+dloc_jabwords,-1.6188028705249802,1.67668690227999,-0.965477137278104,156,0.33580020289372603,0.747211047498623,0.38105431877355606,Localizer v. Not (Baseline)
13,12,hbr,0,aloc_sentences-dloc_jabwords,0.9033758844421379,0.9208290296117351,0.9810462696023442,156,0.32808893937624,0.747211047498623,0.37887764785073796,Federonko Contrast (Sent v. Wordlist)
13,12,hbr,0,aloc_sentences-bloc_words+cloc_jabsent-dloc_jabwords,0.344762221533919,1.33228249234987,0.258775615166893,156,0.796149502747777,0.953610095385023,0.5966209265365501,Syntactic (Sentence v. Non Sentence)
13,12,hbr,0,aloc_sentences+bloc_words-cloc_jabsent-dloc_jabwords,1.4619895473503601,1.23644558293778,1.1824131749305802,156,0.23884087114797897,0.6420042616457671,0.35471107837969507,Semantic (Words v. Non Words)
13,13,hbo,0,aloc_sentences+bloc_words+cloc_jabsent+dloc_jabwords,8.625467839430621,3.8547177985530903,2.23763924888828,156,0.0266610824668045,0.208014618456154,0.397170328184188,Localizer v. Not (Baseline)
13,13,hbo,0,aloc_sentences-dloc_jabwords,-0.315758017550191,2.08924534586408,-0.151134962763121,156,0.8800645125601679,0.9640092244581809,0.6865402718427309,Federonko Contrast (Sent v. Wordlist)
13,13,hbo,0,aloc_sentences-bloc_words+cloc_jabsent-dloc_jabwords,4.390158027981601,3.04130070519414,1.4435133035295702,156,0.150881076585041,0.5235955781517021,0.331511599385824,Syntactic (Sentence v. Non Sentence)
13,13,hbo,0,aloc_sentences+bloc_words-cloc_jabsent-dloc_jabwords,-5.0216740630819805,2.8025751550499303,-1.79180710070646,156,0.0751022067714709,0.366202648502818,0.309536822897436,Semantic (Words v. Non Words)
13,13,hbr,0,aloc_sentences+bloc_words+cloc_jabsent+dloc_jabwords,0.6948560633110021,2.0075624828201,0.34611927113467106,156,0.729719441811325,0.9394089365846949,0.5458966253959749,Localizer v. Not (Baseline)
13,13,hbr,0,aloc_sentences-dloc_jabwords,3.89994857840468,1.19242709765445,3.27059707555794,156,0.00132089745511591,0.0369005444158769,0.779300225829318,Federonko Contrast (Sent v. Wordlist)
13,13,hbr,0,aloc_sentences-bloc_words+cloc_jabsent-dloc_jabwords,-1.57842408797532,1.7225909628738,-0.916308120728806,156,0.36091963550836,0.7795050376858109,0.38827849595914704,Syntactic (Sentence v. Non Sentence)
13,13,hbr,0,aloc_sentences+bloc_words-cloc_jabsent-dloc_jabwords,9.37832124478467,1.6330162460529598,5.74294424042157,156,4.72747482728349e-08,1.58843154196725e-05,0.9992776322352651,Semantic (Words v. Non Words)
14,11,hbo,0,aloc_sentences+bloc_words+cloc_jabsent+dloc_jabwords,1.0042385527594302,4.13570583867857,0.24282156225122303,156,0.80846260375385,0.9540865052711821,0.607622663392944,Localizer v. Not (Baseline)
14,11,hbo,0,aloc_sentences-dloc_jabwords,-1.01119521258115,2.18765599116458,-0.46222770703672295,156,0.644562046424742,0.9049052500542809,0.495870343299675,Federonko Contrast (Sent v. Wordlist)
14,11,hbo,0,aloc_sentences-bloc_words+cloc_jabsent-dloc_jabwords,-1.6782093697962799,3.1374572672597303,-0.534894733805262,156,0.5934842498887359,0.870747899868644,0.47129049999392897,Syntactic (Sentence v. Non Sentence)
14,11,hbo,0,aloc_sentences+bloc_words-cloc_jabsent-dloc_jabwords,-0.344181055366029,3.05579781449972,-0.112632142654496,156,0.910467006171788,0.965037583828772,0.7314053556591341,Semantic (Words v. Non Words)
14,11,hbr,0,aloc_sentences+bloc_words+cloc_jabsent+dloc_jabwords,1.7700076257661,2.40715289801258,0.735311673482593,156,0.463253734963527,0.7994752048323579,0.420465968569968,Localizer v. Not (Baseline)
14,11,hbr,0,aloc_sentences-dloc_jabwords,0.871956453960308,1.3536070815043202,0.644172497229602,156,0.520409591068344,0.813291267902157,0.44106176285426507,Federonko Contrast (Sent v. Wordlist)
14,11,hbr,0,aloc_sentences-bloc_words+cloc_jabsent-dloc_jabwords,0.278060197292995,1.9131850210182602,0.145338895213073,156,0.8846309239897969,0.9640092244581809,0.692718096146504,Syntactic (Sentence v. Non Sentence)
14,11,hbr,0,aloc_sentences+bloc_words-cloc_jabsent-dloc_jabwords,1.4658527106276202,1.91290819084472,0.7662953808464371,156,0.44465856261412895,0.797518881793356,0.4142225154236311,Semantic (Words v. Non Words)
14,13,hbo,0,aloc_sentences+bloc_words+cloc_jabsent+dloc_jabwords,4.994133283777151,3.1779009267791003,1.57151950260415,156,0.11808805966666801,0.46679515350588896,0.322480863798354,Localizer v. Not (Baseline)
14,13,hbo,0,aloc_sentences-dloc_jabwords,-1.63206052257321,1.89656391102915,-0.8605354731692609,156,0.39081455988025604,0.78580068887429,0.39717913503640295,Federonko Contrast (Sent v. Wordlist)
14,13,hbo,0,aloc_sentences-bloc_words+cloc_jabsent-dloc_jabwords,2.62330245275207,2.70104490046907,0.9712176396240191,156,0.332943376236606,0.747211047498623,0.38024580560133003,Syntactic (Sentence v. Non Sentence)
14,13,hbo,0,aloc_sentences+bloc_words-cloc_jabsent-dloc_jabwords,-5.8874234978985,2.64123452079044,-2.22904231016054,156,0.0272400095597344,0.208014618456154,0.39386546701787106,Semantic (Words v. Non Words)
14,13,hbr,0,aloc_sentences+bloc_words+cloc_jabsent+dloc_jabwords,2.2346481846599,1.58370337840594,1.4110269733143797,156,0.16022781408087,0.538365455311723,0.33401750064701097,Localizer v. Not (Baseline)
14,13,hbr,0,aloc_sentences-dloc_jabwords,-0.4664103969001289,1.02750659334157,-0.453924480799009,156,0.650514059643152,0.9049052500542809,0.4989621482183279,Federonko Contrast (Sent v. Wordlist)
14,13,hbr,0,aloc_sentences-bloc_words+cloc_jabsent-dloc_jabwords,0.390016602819194,1.4820457537396399,0.263160973158262,156,0.7927737660670191,0.953610095385023,0.5937060172025072,Syntactic (Sentence v. Non Sentence)
14,13,hbr,0,aloc_sentences+bloc_words-cloc_jabsent-dloc_jabwords,-1.32283739661945,1.46949459745045,-0.9001988839663309,156,0.369401960821262,0.7795050376858109,0.390768296105286,Semantic (Words v. Non Words)
14,14,hbo,0,aloc_sentences+bloc_words+cloc_jabsent+dloc_jabwords,-6.01860161549822,3.89656344732036,-1.544592227707,156,0.12447110995082099,0.47606599812336,0.324276585999823,Localizer v. Not (Baseline)
14,14,hbo,0,aloc_sentences-dloc_jabwords,0.46435715177118503,2.0172807080544497,0.23018965576636502,156,0.818245973459472,0.9540865052711821,0.6168066930217869,Federonko Contrast (Sent v. Wordlist)
14,14,hbo,0,aloc_sentences-bloc_words+cloc_jabsent-dloc_jabwords,1.70610061808404,2.90712088284842,0.5868695134591,156,0.558139688117411,0.8447519603939191,0.456040778625354,Syntactic (Sentence v. Non Sentence)
14,14,hbo,0,aloc_sentences+bloc_words-cloc_jabsent-dloc_jabwords,-0.777386314541673,2.8708034641664497,-0.270790503162288,156,0.7869101188823621,0.953610095385023,0.588740828143212,Semantic (Words v. Non Words)
14,14,hbr,0,aloc_sentences+bloc_words+cloc_jabsent+dloc_jabwords,2.37975736061441,2.40042721057009,0.9913890952974309,156,0.323030851498798,0.747211047498623,0.37745950557575203,Localizer v. Not (Baseline)
14,14,hbr,0,aloc_sentences-dloc_jabwords,1.54537831877509,1.16066346175749,1.33146115966729,156,0.184979658387897,0.5564873579756789,0.34057218700766495,Federonko Contrast (Sent v. Wordlist)
14,14,hbr,0,aloc_sentences-bloc_words+cloc_jabsent-dloc_jabwords,3.08686467091291,1.63047969902671,1.89322484220783,156,0.0601797096536948,0.332175115773193,0.304462926773808,Syntactic (Sentence v. Non Sentence)
14,14,hbr,0,aloc_sentences+bloc_words-cloc_jabsent-dloc_jabwords,0.0038919666372639297,1.72778361389831,0.00225257758318629,156,0.9982055826086781,0.998702362020168,0.9820219832949241,Semantic (Words v. Non Words)
15,10,hbo,0,aloc_sentences+bloc_words+cloc_jabsent+dloc_jabwords,0.21599260578921803,3.41080727428096,0.0633259484984391,156,0.949588021907534,0.981727924187482,0.807208736669617,Localizer v. Not (Baseline)
15,10,hbo,0,aloc_sentences-dloc_jabwords,4.03249248754748,1.62274830774463,2.4849771639275495,156,0.0140113746817054,0.142661269486455,0.494506602481138,Federonko Contrast (Sent v. Wordlist)
15,10,hbo,0,aloc_sentences-bloc_words+cloc_jabsent-dloc_jabwords,4.7261785746645195,2.29695501370571,2.05758430028619,156,0.0412945464128014,0.266826299898101,0.329848714929643,Syntactic (Sentence v. Non Sentence)
15,10,hbo,0,aloc_sentences+bloc_words-cloc_jabsent-dloc_jabwords,3.33880640043044,2.34715485630373,1.4224908899655402,156,0.156880284988574,0.53244217935516,0.33312249796899396,Semantic (Words v. Non Words)
15,10,hbr,0,aloc_sentences+bloc_words+cloc_jabsent+dloc_jabwords,0.247093716601589,1.9074935455596,0.129538428676098,156,0.8970984910217941,0.965037583828772,0.710536168504504,Localizer v. Not (Baseline)
15,10,hbr,0,aloc_sentences-dloc_jabwords,0.834473549273562,1.05494739936281,0.7910096273781851,156,0.430139327026779,0.7937530028954591,0.409483114241539,Federonko Contrast (Sent v. Wordlist)
15,10,hbr,0,aloc_sentences-bloc_words+cloc_jabsent-dloc_jabwords,0.593383998051321,1.5463830162164,0.38372381992604704,156,0.701705626234629,0.9258631303486529,0.527927919769453,Syntactic (Sentence v. Non Sentence)
15,10,hbr,0,aloc_sentences+bloc_words-cloc_jabsent-dloc_jabwords,1.0755631004958002,1.4961724695300702,0.7188764145844941,156,0.47329248153967,0.7994752048323579,0.42392316074421793,Semantic (Words v. Non Words)
15,14,hbo,0,aloc_sentences+bloc_words+cloc_jabsent+dloc_jabwords,-5.57043296162122,3.6448888488148303,-1.52828609943277,156,0.128466620793449,0.484997579624705,0.325389741414792,Localizer v. Not (Baseline)
15,14,hbo,0,aloc_sentences-dloc_jabwords,3.3861711581333704,1.85598821421639,1.82445725258176,156,0.0699962548495545,0.351025994469408,0.307849440976228,Federonko Contrast (Sent v. Wordlist)
15,14,hbo,0,aloc_sentences-bloc_words+cloc_jabsent-dloc_jabwords,6.588020707913411,2.68529916246373,2.45336564357656,156,0.0152534915040882,0.15074038662863598,0.48192196305940294,Syntactic (Sentence v. Non Sentence)
15,14,hbo,0,aloc_sentences+bloc_words-cloc_jabsent-dloc_jabwords,0.184321608353323,2.6487925251746898,0.0695870312987865,156,0.944611480054145,0.9801915462426959,0.7959646686261078,Semantic (Words v. Non Words)
15,14,hbr,0,aloc_sentences+bloc_words+cloc_jabsent+dloc_jabwords,4.72222000182152,2.07777160398914,2.27273295715239,156,0.0244077087396536,0.20002414967130802,0.410736211219003,Localizer v. Not (Baseline)
15,14,hbr,0,aloc_sentences-dloc_jabwords,-0.76639634388108,1.09035560215538,-0.7028866017344201,156,0.483174015299881,0.7994752048323579,0.42738912023685904,Federonko Contrast (Sent v. Wordlist)
15,14,hbr,0,aloc_sentences-bloc_words+cloc_jabsent-dloc_jabwords,-1.72268030765764,1.57725810389292,-1.09219937016382,156,0.27642934875803,0.703638342293168,0.36470152797046795,Syntactic (Sentence v. Non Sentence)
15,14,hbr,0,aloc_sentences+bloc_words-cloc_jabsent-dloc_jabwords,0.18988761989547503,1.60555645965278,0.1182690392193,156,0.9060066367793721,0.965037583828772,0.724219463055808,Semantic (Words v. Non Words)
16,15,hbo,0,aloc_sentences+bloc_words+cloc_jabsent+dloc_jabwords,3.3613082015819704,5.49638353362367,0.6115490633103471,156,0.5417263256398089,0.8337627545989751,0.449372690462576,Localizer v. Not (Baseline)
16,15,hbo,0,aloc_sentences-dloc_jabwords,1.1016486381094799,2.6428171711462203,0.416846329794234,156,0.677363839366782,0.9140331326395129,0.513591819067184,Federonko Contrast (Sent v. Wordlist)
16,15,hbo,0,aloc_sentences-bloc_words+cloc_jabsent-dloc_jabwords,1.0106627397244698,3.91304633845525,0.258280289142563,156,0.796531035575811,0.953610095385023,0.5969530330665029,Syntactic (Sentence v. Non Sentence)
16,15,hbo,0,aloc_sentences+bloc_words-cloc_jabsent-dloc_jabwords,1.1926345364944901,3.73090982275338,0.319663190254848,156,0.749651361233382,0.9498578865270341,0.559790066613063,Semantic (Words v. Non Words)
16,15,hbr,0,aloc_sentences+bloc_words+cloc_jabsent+dloc_jabwords,2.36685213223471,3.00762769698621,0.7869498391062208,156,0.432505136655952,0.7937530028954591,0.41024764584401,Localizer v. Not (Baseline)
16,15,hbr,0,aloc_sentences-dloc_jabwords,0.723129314122741,1.81719666430307,0.397936738674389,156,0.6912208518669439,0.9216278024892579,0.5216180710525,Federonko Contrast (Sent v. Wordlist)
16,15,hbr,0,aloc_sentences-bloc_words+cloc_jabsent-dloc_jabwords,-2.17829889552679,2.60415816482013,-0.836469506711874,156,0.40417029486129796,0.78580068887429,0.401276291992118,Syntactic (Sentence v. Non Sentence)
16,15,hbr,0,aloc_sentences+bloc_words-cloc_jabsent-dloc_jabwords,3.6245575237722796,2.48082395597872,1.46102971758121,156,0.14601852727148998,0.5219385655661789,0.33019854202792,Semantic (Words v. Non Words)
